Index,Workorder ID,Description,Status,Type,Equipment Description,WO Owner,Priority,Scheduled Start Date,Scheduled End Date,PM Compliance Min Date,PM Compliance Max Date,Original PM due date,Completed date
1,59207177,[GYR1] AFE1 Induct 111 Tray Take away,Completed,BRKD,AFE.SHOE.1; TAKEAWAY 05-06; MDR CONV; 505092; GYR1-MDR-505092 CC930,HUNTIDAN,3,7/29/2021,7/29/2021,,,,7/29/2021
2,59208274,Packages not reaching the conveyor,Completed,CM,SMARTPAC; 05-05; GYR1-MHE-4252038 CC652,LORRANG,4,7/29/2021,7/29/2021,,,,7/29/2021
3,59208331,[GYR1]  - Smart pack poly 505,Completed,BRKD,SMARTPAC; 05-05; GYR1-MHE-4252038 CC652,LORRANG,3,7/29/2021,7/29/2021,,,,7/29/2021
4,54183946,[GYR1-paKivaA01]  - 104772714 - Pod issue > Dirty pod,Completed,CM,MOD LEVEL 1,PUENTEJA,4,4/18/2021,4/18/2021,,,,4/19/2021
5,53159366,Tranship decline belt tracked into wall,Completed,FPM,TSHP.POPUP.1; LOOP SIR; SLIDER BED CONV; 860155; GYR1-Belted Transport-860155 CC,KIERCLAR,4,4/12/2021,4/12/2021,,,,5/2/2021
6,49540273,[GYR1] Decant Line 1 Inbound Dock,Cancelled,BRKD,,,5,12/27/2020,12/27/2020,,,,
7,56163499,OUTBOUND AFE2 SLAM LINE 101,Completed,CM,AFE.SHOE.1; SLAM 05-8; SEGMENT BELT CONV; 519385; GYR1-MDR-519385 CC940,DUNHCHAS,3,5/31/2021,5/31/2021,,,,6/1/2021
8,59213290,[GYR1-paKivaA02]  - 105080359 - Pod issue > Dirty pod,Completed,BRKD,MOD LEVEL 2,ASHPFAF,4,7/29/2021,7/29/2021,,,,8/10/2021
9,55779267,intralox alignment,Completed,CM,PCK.1; SIR; ACTIVE ROLLER BELT SORTER; SL1110; Intralox Slam 111,SOFRANCI,5,5/23/2021,5/23/2021,,,,5/23/2021
10,56157071,Crit Walk amnesty pick up,Completed,CM,RME DEPARTMENT,HANJACO,5,5/31/2021,5/31/2021,,,,5/31/2021
11,55780088,[CEL][22] - Obstacle in Path Check Engine Light - DU 538771 GYR1-paKivaA03,Completed,CBM,GYR1-paKivaA03 HDU 538771,EDURGR,5,5/23/2021,5/23/2021,,,,5/24/2021
12,53136550,GYR1 Singles Problem Solve Desk in Smart PAC,Cancelled,BRKD,,,4,3/24/2021,3/24/2021,,,,4/10/2021
13,55937949,[GYR1] - Trip Hazard in RSP,Completed,BRKD,MOD LEVEL 2,ROMDESMO,4,5/26/2021,5/26/2021,,,,5/27/2021
14,53119826,MDR replacement,Completed,CM,AFE.SHOE.1; REBIN 16; MDR CONV; 517053; GYR1-MDR-517053 CC920,BRACHINN,4,3/24/2021,3/24/2021,,,,3/24/2021
15,55938206,[GYR1] - AFE2 wall 215-04 station 0 light bar not working.,Completed,BRKD,AFE.SHOE.2; REBIN 52; MDR CONV; 802014; GYR1-MDR-802014 CC965,AJVILA,3,5/26/2021,5/26/2021,,,,5/26/2021
16,55781138,[GYR1]AFE2 Divert off MRS to induct 212/213,Completed,PR,AFE.SHOE.2; INFEED 07; MDR CONV; 800620; GYR1-MDR-800620 CC985,JEVLLAS,3,5/23/2021,5/23/2021,,,,5/26/2021
17,54670115,[GYR1] AFE1 Induct 104,Completed,BRKD,AFE.SHOE.1; RETOTE 13; BELT CONV; 514069; GYR1-MDR-514069 CC920,MBRNEY,3,4/28/2021,4/28/2021,,,,4/29/2021
18,49266034,[GYR1] - AFE2 bad diverts to wall 205 and 207,Cancelled,BRKD,,,3,12/20/2020,12/20/2020,,,,5/25/2021
19,49266047,[GYR1] AFE2 tray sorter jams,Cancelled,BRKD,,,5,12/20/2020,12/20/2020,,,,
20,57067363,[CEL][25] - Floor Barcode Failed Check Engine Light - DU 542708 GYR1-paKivaA03,Completed,CBM,GYR1-paKivaA03 HDU 542708,JEFLU,3,6/17/2021,6/17/2021,,,,6/18/2021
21,49169028,[GYR1] AFE2 Tray Sorter- Constant Tray jammed at the tray takeaways,Cancelled,BRKD,,,3,12/18/2020,12/18/2020,,,,5/25/2021
22,57068124,Belt not tracking- bad crown roll.,Completed,CM,AFE.SHOE.2; REBIN 64; SEGMENT BELT CONV; 815026; GYR1-MDR-815026 CC970,PEDEJOSE,3,6/18/2021,6/18/2021,,,,6/18/2021
23,54082374,Camera Misalignment[GYR1 A03 3355],Completed,BRKD,GYR1-KIVA Station AR.FLOR.A03.STN.3355,WILARBE,5,4/16/2021,4/16/2021,,,,4/16/2021
24,57069704,[FID] Replace Fiducial PFPJ31 GYR1-paKivaA04,Completed,CBM,GYR1-paKivaA04 Fiducials,JEFLU,3,6/18/2021,6/18/2021,,,,6/18/2021
25,59086528,[GYR1] - MHE / Conveyor - A04 conveyors need timing adjusted,Cancelled,BRKD,,,5,7/26/2021,7/26/2021,,,,
26,54085798,"Waites Event Id: 54810, Sensor Id: 10820635",Completed,CBM,RTE.SHOE.1; LOOP SIR; SLIDER BED CONV; 140015; GYR1-Belted Transport-140015 CC41,SOFRANCI,2,4/16/2021,4/16/2021,,,,4/19/2021
27,59087382,[GYR1] - Flat Chute Master TT - Blue light Chutes,Cancelled,BRKD,,,5,7/26/2021,7/26/2021,,,,
28,54086912,Missing Arc Flash warning label ,Completed,FPM,ARSAW; ARSAW (##); CONTROL CABINET; AR0124; CONTROL CABINET; AR0124; GYR1-CC-AR0,MOAUST,5,5/6/2021,5/6/2021,,,,8/24/2021
29,49178354,[GYR1] Decant Line 3,Cancelled,BRKD,,,5,12/18/2020,12/18/2020,,,,
30,54088924,[GYR1] - AFE2 Rebin 209 keeps jamming,Cancelled,BRKD,,,3,4/16/2021,4/16/2021,,,,4/21/2021
31,57079268,ECC change out,Completed,BRKD,AFE.SHOE.1; REBIN 09; RAT; 510029; GYR1-Pneumatic Divert-510029 CC920,HUNTIDAN,3,6/18/2021,6/18/2021,,,,6/18/2021
32,57080126,[CEL][6] - Right Motor Check Engine Light - DU 558175 GYR1-paKivaA01,Completed,CBM,GYR1-paKivaA01 HDU 558175,JEFLU,3,6/18/2021,6/18/2021,,,,6/18/2021
33,57086169,Induct 21 area sensor,Completed,CM,RTE.CB.1; REINDUCT 00; SEMI AUTO INDUCT ; CBI021; GYR1-SemiAutoInduct-CBI021 CC5,ROBLFABI,4,6/18/2021,6/18/2021,,,,6/18/2021
34,55777590,HotspotFinder found one potential floor slip hotspot(s) on floor: AMZN/GYR1/paKi,Cancelled,PR,,,3,5/23/2021,5/23/2021,,,,7/5/2021
35,55777592,[GYR1] Slam 207,Completed,BRKD,AFE.SHOE.2; SLAM 07; O-RING CONV; 819580; GYR1-MDR-819580 CC995,JCSTROZ,3,5/23/2021,5/23/2021,,,,5/27/2021
36,54090798,[CEL][22] - Obstacle in Path Check Engine Light - DU 538954 GYR1-paKivaA03,Completed,CBM,GYR1-paKivaA03 HDU 538954,WILARBE,3,4/16/2021,4/16/2021,,,,4/16/2021
37,57086954,[FID] Replace Fiducial PFVK53 GYR1-paKivaA04,Completed,CBM,GYR1-paKivaA04 Fiducials,JGONZA,3,6/18/2021,6/18/2021,,,,6/19/2021
38,57087716,ARSAW 1112 destacker knuckle joint missing,Completed,CM,ARSAW Station #121 - 1112 & 1113,KALEBRIA,4,6/18/2021,6/18/2021,,,,6/19/2021
39,54091137,Network Level - GYR1-DEM.SC3.SWO.13,Completed,CM,RTE.CB.1; SIR; CROSSBELT SORTER; 180000; GYR1-Crossbelt-SC3 CC530,KIERCLAR,4,5/10/2021,5/11/2021,,,,5/18/2021
40,54667161,Jam Beacon on Bed 210020 R&R,Completed,FPM,RCV.1; LOOP SIR; RA CONV; 210020; GYR1-Accumulating Rollers-210020 CC205,FELSOLON,5,5/26/2021,5/29/2021,,,,7/4/2021
41,52917682,[GYR1] Ship Dock Flat Sorter Chute FR1018,Cancelled,BRKD,,,5,3/19/2021,3/19/2021,,,,4/10/2021
42,47817002,Singles stations line 3 power down,Cancelled,BRKD,,,5,11/20/2020,11/20/2020,,,,
43,52918658,GYR1 - Slam 101,Cancelled,BRKD,,,3,3/19/2021,3/19/2021,,,,5/19/2021
44,59102826,Machine will not divert Packages.,Completed,BRKD,SMARTPAC; 05-01; GYR1-MHE-4162038 CC652,HOWARSUL,4,7/27/2021,7/27/2021,,,,7/27/2021
45,52921057,Broken Light Bar Cable,Completed,BRKD,AFE.SHOE.2; REBIN 51; MDR CONV; 801023; GYR1-Pneumatic Divert-801023 CC965,HARPKVI,2,3/19/2021,3/19/2021,,,,3/19/2021
46,59104615,"Waites Event Id: 66366, Sensor Id: 10854668",Completed,CBM,AFE.SHOE.1; LOOP SIR; BELT ON ROLLER CONV; 502346; GYR1-Belted Transport-502346 ,HANJACO,1,7/27/2021,7/27/2021,,,,7/29/2021
47,59107884,trim belt,Cancelled,FPM,GENERAL CONVEYANCE,EALYSS,5,7/27/2021,7/27/2021,,,,8/17/2021
48,59107920,trim belt,Cancelled,FPM,GENERAL CONVEYANCE,EALYSS,5,7/27/2021,7/27/2021,,,,8/17/2021
49,59108073,OUTBOUND AFE1 tray sorter jams,Completed,CM,SL2 High Rate Slat Sorter - AFE 1,FCCERMAK,3,7/27/2021,7/27/2021,,,,8/2/2021
50,59108221,[FID] Replace Fiducial PFLZ63 GYR1-paKivaA02,Completed,CBM,GYR1-paKivaA02 Fiducials,ZDHARR,3,7/27/2021,7/27/2021,,,,7/27/2021
51,59108219,[FID] Replace Fiducial PKBG53 GYR1-paKivaA02,Completed,CBM,GYR1-paKivaA02 Fiducials,ZDHARR,3,7/27/2021,7/27/2021,,,,7/27/2021
52,59108222,[FID] Replace Fiducial PMYR43 GYR1-paKivaA04,Completed,CBM,GYR1-paKivaA04 Fiducials,ZBBUSHA,3,7/27/2021,7/27/2021,,,,7/27/2021
53,54667406,MDR troubleshoot/replacement,Completed,CM,RCV.1; LANE 01; SEGMENT BELT CONV; 201440; GYR1-MDR-201440 CC200,HUNTIDAN,4,4/28/2021,4/28/2021,,,,4/28/2021
54,59109692,[GYR1-paKivaA04]  - 104734086 - Pod issue > Physical pod damage,Completed,BRKD,MOD LEVEL 4,JOPADEYI,4,7/27/2021,7/27/2021,,,,7/29/2021
55,59110960,[GYR1-paKivaA01]  - 1213 - Station Issues > Equipment problem at station,Completed,BRKD,GYR1-KIVA Station AR.FLOR.A01.STN.1213,ZDHARR,4,7/27/2021,7/27/2021,,,,7/27/2021
56,57682169,GYR1 - salinza needs help with Cubiscan/Scales,Cancelled,BRKD,,,4,7/1/2021,7/1/2021,,,,7/2/2021
57,59112235,GYR1:2E conveyor belt to 3E spiral rotated/twisted causing conveyor to stop.,Cancelled,BRKD,,,3,7/27/2021,7/27/2021,,,,7/28/2021
58,59113519,Belt Damaged,Completed,CM,AFE.SHOE.1; TAKEAWAY 13-14; BELT ON ROLLER CONV; 515098; GYR1-Belted Transport-5,JCSTROZ,4,7/27/2021,7/27/2021,,,,7/28/2021
59,54094313,possible bad MDR,Completed,BRKD,AFE.SHOE.1; RETOTE 03; BELT CONV; 503069; GYR1-MDR-503069 CC915,BELLMG,1,4/16/2021,4/16/2021,,,,4/16/2021
60,54094224,[GYR1] AFE1 tray take away,Completed,BRKD,AFE.SHOE.1; RETOTE 03; SEGMENT BELT CONV; 503068; GYR1-MDR-503068 CC915,PEDEJOSE,3,4/16/2021,4/16/2021,,,,4/16/2021
61,59114886,Missing selector lever,Completed,CM,AFE.SHOE.1; INFEED 07; MDR CONV; 700641; GYR1-MDR-700641 CC935,RNMORGA,5,7/27/2021,7/27/2021,,,,7/27/2021
62,54094753,[GYR1-paKivaA01]  - 103982379 - Pod issue > Physical pod damage,Completed,BRKD,MOD LEVEL 1,KALEBRIA,4,4/16/2021,4/16/2021,,,,4/17/2021
63,54667756,[GYR1] Portable Fans Need,Cancelled,BRKD,,,5,4/28/2021,4/28/2021,,,,5/19/2021
64,50956223,[GYR1] OB Ship Dock Conveyor Issue,Cancelled,BRKD,,,5,1/29/2021,1/29/2021,,,,
65,52722138,belt replacement,Cancelled,CM,RTE.CB.1; LOOP SIR; BELT TRANSPORT CONV; 180150; GYR1-Belted Transport-180150 CC,SMITHJYJ,5,3/15/2021,3/15/2021,,,,7/14/2021
66,55778322,[GYR1] Slam station 103,Completed,BRKD,AFE.SHOE.2; SLAM 03; GRAVITY CONV; SL0311; GYR1-Gravity-SL0311 SP003,THMDNI,3,5/23/2021,5/23/2021,,,,5/23/2021
67,53134416,MDR bed Belt tracking,Completed,FPM,RCV.1; LANE 01; RA CONV; 201455; GYR1-Accumulating Rollers-201455 CC200,RNMORGA,5,7/16/2021,7/16/2021,,,,7/16/2021
68,53134360,Finger Guards secured and removal of amnesty/FOD from unit,Completed,FPM,RCV.1; LANE 03; RA CONV; 203380; GYR1-Accumulating Rollers-203380 CC200,KIECLAR,5,4/7/2021,4/7/2021,,,,5/17/2021
69,56156183,high temps on ECCs,Completed,FPM,GENERAL CONVEYANCE,JCSTROZ,4,5/31/2021,5/31/2021,,,,5/31/2021
70,54668513,[GYR1] RSR OP PITs are down,Cancelled,CM,PIT EQUIPMENT,FCCERMAK,3,4/28/2021,4/28/2021,,,,5/19/2021
71,58078750,[FID] Replace Fiducial MPPT79 GYR1-paKivaA03,Completed,CBM,GYR1-paKivaA03 Fiducials,JSONHU,3,7/9/2021,7/9/2021,,,,7/10/2021
72,54099243,[GYR1-paKivaA03]  - 104980523 - Pod issue > Dirty pod,Completed,BRKD,MOD LEVEL 2,JSONHU,4,4/16/2021,4/16/2021,,,,4/17/2021
73,57119788,Bad MDR,Completed,BRKD,RCV.1; LANE 02; SEGMENT BELT CONV; 202055; GYR1-MDR-202055 CC200,PEDEJOSE,4,6/18/2021,6/18/2021,,,,6/20/2021
74,57120754,"Waites Event Id: 62132, Sensor Id: 10790389",Completed,CBM,RTE.SHOE.1; LOOP SIR; SLIDER BED CONV; 140140; GYR1-Belted Transport-140140 CC41,MAISONAL,3,8/11/2021,8/11/2021,,,,8/11/2021
75,50965194,Bad pulley/bearing,Cancelled,CM,SHP.SHOE.1; LANE 17; ROLLER TRANSPORT CONV; 160800; GYR1-VBELT-160800 CC510,BENORWOO,5,1/30/2021,1/30/2021,,,,4/14/2021
76,57127093,change damaged vbelt,Completed,CM,TSHP.POPUP.1; LANE 04; V-BELT CONV; 860245; GYR1-VBELT-860245 CC430,DUNHCHAS,3,6/19/2021,6/19/2021,,,,6/19/2021
77,53116800,[GYR1] RME- AFE 2 Tray sorter,Cancelled,BRKD,,,5,3/24/2021,3/24/2021,,,,
78,57134056,[GYR1] AFE 110 Induct Take-away,Completed,CM,AFE.SHOE.1; RETOTE 08; SEGMENT BELT CONV; 508066; GYR1-MDR-508066 CC915,JONNAGIL,3,6/19/2021,6/19/2021,,,,6/21/2021
79,57153384,VFD cover damaged,Completed,CM,AFE.SHOE.2; SLAM 08; SEGMENT BELT CONV; 819425; GYR1-MDR-819425 CC990,AJVILA,4,6/19/2021,6/19/2021,,,,6/19/2021
80,56939841,Replace right drive motor on DU 557773,Completed,FPM,AR SYSTEM,ECCLJ,4,6/15/2021,6/15/2021,,,,6/15/2021
81,56158666,Compressor Check,Completed,CM,AIR COMPRESSOR; 3; AIR COMPRESSOR; 3,AMASTOV,5,5/31/2021,5/31/2021,,,,6/1/2021
82,57156849,ARSAW 2152 DM60 not reading totes or lighting up red,Completed,BRKD,GYR1-KIVA Station AR.FLOR.A02.STN.2152,KALEBRIA,4,6/19/2021,6/19/2021,,,,6/20/2021
83,54671850,Track/Trim Bed 860165.,Completed,FPM,TSHP.POPUP.1; LOOP SIR; METERING CONV; 860165; GYR1-Belted Transport-860165 CC43,MAUREYE,5,5/26/2021,5/29/2021,,,,5/6/2021
84,57162333,[GYR1] Pod issue > Dirty Pod,Cancelled,BRKD,GYR1-paKivaA03 HDU 524329,,4,6/20/2021,6/20/2021,,,,7/5/2021
85,54672014,Worn roller on bed 860207(Gravity bed),Completed,FPM,TSHP.POPUP.1; LANE 02; GRAVITY CONV; 860207; GYR1-Gravity-860207 CC430,FELSOLON,5,5/27/2021,5/30/2021,,,,5/8/2021
86,54672033,Deep Dive bed 162180-4 or -5.,Cancelled,FPM,GENERAL CONVEYANCE,MAUREYE,3,6/25/2021,6/28/2021,,,,8/2/2021
87,56090094,[GYR1] Slam 101,Cancelled,BRKD,,,3,5/29/2021,5/29/2021,,,,5/29/2021
88,54672115,Worn Rollers(4 total) Bed 860160,Completed,FPM,TSHP.POPUP.1; LOOP SIR; RA CONV; 860160; GYR1-Accumulating Rollers-860160 CC430,JEVLLAS,5,5/23/2021,5/26/2021,,,,5/23/2021
89,54672102,Motor for Bed 140015 inspection,Completed,FPM,RTE.SHOE.1; LOOP SIR; SLIDER BED CONV; 140015; GYR1-Belted Transport-140015 CC41,HERTAJU,4,5/27/2021,5/30/2021,,,,5/25/2021
90,57165134,GYR1 AFE2 6/20/21  Master TT,Completed,BRKD,SLAM  #7,KIECLAR,3,6/20/2021,6/20/2021,,,,6/21/2021
91,57165138,GYR1 AFE1 6/20/21  Master TT,Cancelled,BRKD,,,3,6/20/2021,6/20/2021,,,,6/22/2021
92,54672120,[GYR1] AFE1 Rebin 103,Cancelled,BRKD,,,3,4/28/2021,4/28/2021,,,,4/29/2021
93,57170012,Ladder lost a roller.,Completed,BRKD,GYR1-KIVA Station AR.FLOR.A01.STN.1123,ECCLJ,3,6/20/2021,6/20/2021,,,,6/20/2021
94,52947302,Drive wont go online,Completed,BRKD,GYR1-paKivaA04 HDU 534412,WILARBE,4,3/19/2021,3/19/2021,,,,3/19/2021
95,54114436,[GYR1] Hydraulic fluid leaking on line 2,Cancelled,PR,,,4,4/16/2021,4/16/2021,,,,5/19/2021
96,51012621,[GYR1] - AFE1 wall 115 rebin 1 belt,Cancelled,BRKD,,,3,1/31/2021,1/31/2021,,,,5/25/2021
97,54115453,[GYR1] Dead spot on rollers for Tray sorter: recirc lane 2,Completed,CM,AFE.SHOE.2; LOOP SIR; SLIDER BED CONV; 802358; GYR1-Belted Transport-802358 CC95,AJVILA,5,4/16/2021,4/16/2021,,,,5/15/2021
98,56090618,[CEL][23] - Missed Fiducial Check Engine Light - DU 558173 GYR1-paKivaA01,Completed,CBM,GYR1-paKivaA01 HDU 558173,JGONZA,3,5/29/2021,5/29/2021,,,,5/29/2021
99,55948810,Broken side rail stops packages,Completed,CM,AFE.SHOE.1; SLAM '07; ROLLER JUNCTION CONV; SL0712; GYR1-MDR-SL0712 SP007,MAUREYE,5,5/27/2021,5/27/2021,,,,5/27/2021
100,56159576,Broken tote guide ,Completed,FPM,ARSAW Station #214 - 2341 & 2343,ASHPFAF,5,5/31/2021,5/31/2021,,,,6/9/2021
101,52952340,DU 557724 needs to be TS in DUDT,Completed,BRKD,GYR1-paKivaA02 HDU 557724,KALEBRIA,4,3/19/2021,3/19/2021,,,,4/2/2021
102,49301482,[GYR1] AFE2 tray sorter jams,Cancelled,BRKD,,,5,12/21/2020,12/21/2020,,,,5/25/2021
103,49303993,[GYR1] RME-  Transship Sorter,Cancelled,BRKD,,,3,12/21/2020,12/21/2020,,,,5/25/2021
104,52953904,[GYR1-paKivaA03]  - 103412439 - Pod issue > Dirty pod,Cancelled,BRKD,,,5,3/20/2021,3/20/2021,,,,
105,59154936,PSC(s) Reporting Backup Battery on AMZN/GYR1/paKivaA02,Completed,PR,GYR1-paKivaB02 Fiducials,ZBBUSHA,3,7/28/2021,7/28/2021,,,,7/28/2021
106,49308904,GYR1 AFE2 SLAM 7,Cancelled,PR,,,3,12/21/2020,12/21/2020,,,,5/25/2021
107,49311974,[GYR1] Flat Sorter,Cancelled,BRKD,,,5,12/21/2020,12/21/2020,,,,
108,55785198,[GYR1] Package takeaway,Completed,BRKD,AFE.SHOE.2; SLAM 06; SEGMENT BELT CONV; 819270; GYR1-MDR-819270 CC990,DUNHCHAS,3,5/24/2021,5/24/2021,,,,5/27/2021
109,55940612,Damaged Fairing/Fairing Bracket,Completed,CM,GYR1-paKivaA04 HDU 529162,WILARBE,5,5/26/2021,5/26/2021,,,,8/10/2021
110,52959108,Torn conical Belt on Slam 302 near Pole H5,Completed,CM,PCK.1; LANE 01; SEGMENT BELT CURVE CONV; 850080; GYR1-MDR-850080 CC651,JOSHCLAU,4,3/20/2021,3/20/2021,,,,3/20/2021
111,57200333,[CEL][25] - Floor Barcode Failed Check Engine Light - DU 541642 GYR1-paKivaA03,Completed,CBM,GYR1-paKivaA03 HDU 541642,EDURGR,5,6/20/2021,6/20/2021,,,,6/21/2021
112,59162926,[GYR1-paKivaA01]  - 105143902 - Pod issue > Offline pods,Completed,BRKD,MOD LEVEL 1,JOPADEYI,4,7/28/2021,7/28/2021,,,,7/30/2021
113,59163247,[GYR1-paKivaA02]  - 105325944 - Pod issue > Lost pods,Completed,BRKD,MOD LEVEL 2,KALEBRIA,4,7/28/2021,7/28/2021,,,,7/29/2021
114,57203846,[FID] Replace Fiducial PFCV68 GYR1-paKivaA01,Completed,PR,MOD LEVEL 1,ZDHARR,5,6/21/2021,6/21/2021,,,,6/21/2021
115,57204979,Induct 103 MDR replacement,Completed,CM,AFE.SHOE.1; INFEED 08; MDR CONV; 700749; GYR1-MDR-700749 CC935,AMASTOV,3,6/21/2021,6/21/2021,,,,6/21/2021
116,57206064,MDR faulting on bed #202370,Completed,CM,RCV.1; LANE 02; BELT CONV; 202370; GYR1-MDR-202370 CC200,GRINEA,5,6/21/2021,6/21/2021,,,,6/22/2021
117,57208687,Bearing requires R&R.  Temp lubrication,Completed,CM,RTE.CB.1; REINDUCT 00; SEMI AUTO INDUCT ; CBI024; GYR1-SemiAutoInduct-CBI024 CC5,FCCERMAK,5,6/21/2021,6/21/2021,,,,6/23/2021
118,49334331,[GYR1] MRS down,Cancelled,BRKD,,,5,12/22/2020,12/22/2020,,,,
119,57210190,GYR1-RME Relocate leadership desk,Cancelled,BRKD,,,3,6/21/2021,6/21/2021,,,,7/2/2021
120,56091733,First half of rollers are not operating,Completed,FPM,RCV.1; LANE 01; MDR CONV; 201040; GYR1-MDR-201040 CC200,MAUREYE,5,6/9/2021,6/9/2021,,,,6/9/2021
121,57210391,[GYR1-paKivaA03]  - 105118836 - Pod issue > Bin barcode/label issues,Completed,BRKD,MOD LEVEL 3,EDURGR,5,6/21/2021,6/21/2021,,,,6/23/2021
122,57211013,[CEL][23] - Missed Fiducial Check Engine Light - DU 558021 GYR1-paKivaA01,Completed,CBM,GYR1-paKivaA01 HDU 558021,EDURGR,5,6/21/2021,6/21/2021,,,,6/21/2021
123,57212090,GYR1 Induct 24,Cancelled,BRKD,,ANTOPLAC,3,6/21/2021,6/21/2021,,,,6/21/2021
124,57212615,GYR1 Jam coming from Pick mode Level 2   Master TT 6/21/21,Cancelled,BRKD,,,3,6/21/2021,6/21/2021,,,,6/22/2021
125,57212713,GYR1 AFE1 6/21/21  Master TT,Completed,BRKD,AFE.SHOE.1; REBIN 09; GRAVITY CONV; 510002; GYR1-Gravity-510002 CC900,JCSTROZ,3,6/21/2021,6/21/2021,,,,6/22/2021
126,57213042,GYR1 Induct 25,Cancelled,BRKD,,ANTOPLAC,3,6/21/2021,6/21/2021,,,,6/21/2021
127,49350091,[GYR1] DD 173 leveler not working,Cancelled,BRKD,Docks,,5,12/22/2020,12/22/2020,,,,4/14/2021
128,57215004,tamp air fitting,Completed,CM,SMARTPAC; 06-06; GYR1-MHE-4272040 CC+652,SOFRANCI,5,6/21/2021,6/21/2021,,,,6/21/2021
129,55786111,Ship sorter Profibus,Completed,CM,SHP.1; SORTER (##); CONTROL CABINET; CC0512; CONTROL CABINET; CC0512; GYR1-CC-CC,FCCERMAK,3,5/24/2021,5/24/2021,,,,5/24/2021
130,57215865,bad heating cartridge,Completed,CM,SMARTPAC; 06-08; SMARTPAC; 06-08; GYR1-MHE-4192038 CC+652,SOFRANCI,5,6/21/2021,6/21/2021,,,,6/21/2021
131,49356825,induct bumper gaurds replacement,Cancelled,CM,AFE.SHOE.2; REBIN 65; ROLLER TRANSPORT CONV; 816000; GYR1-VBELT-816000 CC950,,5,12/22/2020,12/22/2020,,,,4/14/2021
132,55941159,Shoe cap replacement,Completed,CM,SL2 High Rate Slat Sorter - AFE 2,ROBLFABI,5,5/26/2021,5/26/2021,,,,5/26/2021
133,56091867,The lacing is damaged.,Completed,FPM,RCV.1; LANE 02; BELT CONV; 202330; GYR1-MDR-202330 CC200,HOWARSUL,5,6/2/2021,6/2/2021,,,,8/2/2021
134,57219342,Replace right drive motor on DU 554213,Completed,FPM,GYR1-paKivaA02 HDU 554213,KALEBRIA,4,6/21/2021,6/21/2021,,,,6/21/2021
135,59169255,GYR1 AFE1 7/28/21  Master TT,Cancelled,BRKD,,,3,7/28/2021,7/28/2021,,,,7/31/2021
136,50339156,[GYR1] MRS down (VRETs lane),Cancelled,BRKD,,,3,1/14/2021,1/14/2021,,,,5/25/2021
137,59171639,light bar is innoperable,Completed,CM,AFE.SHOE.1; REBIN 13; WALL 113,MAUREYE,5,7/28/2021,7/28/2021,,,,7/28/2021
138,59172752,Mdr axle retainer missing,Cancelled,CM,MOD.2; INFEED 01; SEGMENT BELT CONV; 213010; GYR1-MDR-213010 CC205,SALASJUD,4,7/28/2021,7/28/2021,,,,7/29/2021
139,59173709,[GYR1] RME- Induct 111 Tray Takeaway Jammed,Completed,BRKD,AFE.SHOE.1; TAKEAWAY 05-06; MDR CONV; 505092; GYR1-MDR-505092 CC930,HUNTIDAN,5,7/28/2021,7/28/2021,,,,7/29/2021
140,59791307,[CEL][26] - Pod Barcode Failed Check Engine Light - DU 542712 GYR1-paKivaA02,Completed,CBM,GYR1-paKivaA02 HDU 542712,ASHPFAF,3,8/10/2021,8/10/2021,,,,8/11/2021
141,57230946,"Waites Event Id: 62400, Sensor Id: 10765294",Completed,CBM,SHP.SHOE.1; LOOP SIR; METERING CONV; 162190; GYR1-Belted Transport-162190 CC510,FELSOLON,1,7/8/2021,7/8/2021,,,,6/29/2021
142,51061829,[GYR1] - AFE1 photoeyes causing jams,Cancelled,BRKD,,,5,2/1/2021,2/1/2021,,,,
143,59179057,grinding bearing noise @ A4D678,Completed,CM,AFE.SHOE.1; LOOP SIR; BELT CONV; 502330; GYR1-Belted Transport-502330 CC900,JEFLU,4,8/12/2021,8/12/2021,,,,8/18/2021
144,57241150,"motor is faulting, likely due to mis-tracking of belt and FOD in conveyor",Completed,BRKD,RTE.CB.1; LOOP SIR; SLIDER BED CONV; 180230; GYR1-Belted Transport-180230 CC521,EMMUHLY,3,6/21/2021,6/21/2021,,,,6/21/2021
145,57241471,[CEL][25] - Floor Barcode Failed Check Engine Light - DU 542324 GYR1-paKivaA04,Completed,CBM,GYR1-paKivaA04 HDU 542324,PUENTEJA,3,6/21/2021,6/21/2021,,,,6/22/2021
146,57246520,[GYR1] AFE1 Station 104,Completed,CM,AFE.SHOE.1; RETOTE 13; MDR CONV; 514060; GYR1-MDR-514060 CC920,JONNAGIL,3,6/22/2021,6/22/2021,,,,6/22/2021
147,52986891,Photo eyes lost power,Completed,BRKD,MOD.3; INFEED 01; RA CONV; 211080; GYR1-Accumulating Rollers-211080 CC205,WILARBE,2,3/20/2021,3/20/2021,,,,3/21/2021
148,57247783,"finger guard adjustment - AFE 2,  induct 202",Completed,CM,AFE.SHOE.2; RETOTE 65; SEGMENT BELT CONV; 816066; GYR1-MDR-816066 CC970,AREAARON,4,6/22/2021,6/22/2021,,,,6/22/2021
149,49399577,GYR1 VOA TVs configured,Cancelled,PR,,,5,12/23/2020,12/23/2020,,,,5/25/2021
150,59181749,Package Takeaway Rebin 111/112 Bad End Roller/Bushings,Completed,BRKD,AFE.SHOE.1; SLAM 05-8; SLIDER BED CONV; 519300; GYR1-Belted Transport-519300 CC9,HANJACO,3,7/28/2021,7/28/2021,,,,7/28/2021
151,54146846,Nitta belt rubbing on frame ,Completed,CM,AFE.SHOE.2; REBIN 60; RA CONV; 811004; GYR1-Accumulating Rollers-811004 CC970,HUNTIDAN,3,4/17/2021,4/17/2021,,,,4/17/2021
152,52991152, Noticed oil leak on motor gearbox,Completed,FPM,RTE.CB.1; SIR; ACTIVE ROLLER BELT SORTER; 180130; GYR1-Intralox-S4500-18130 CC52,ANTOPLAC,4,4/10/2021,4/10/2021,,,,4/10/2021
153,57251437,[GYR1-paKivaA04]  - 102493816 - Pod issue > Dirty pod,Completed,BRKD,MOD LEVEL 4,ZDHARR,4,6/22/2021,6/22/2021,,,,6/23/2021
154,59182863,bad end roller,Completed,CM,AFE.SHOE.1; SLAM 05-8; SLIDER BED CONV; 519300; GYR1-Belted Transport-519300 CC9,JRRYCH,4,7/28/2021,7/28/2021,,,,7/28/2021
155,52517018,mdr replacement singles line 1,Completed,BRKD,PCK.1; LANE 01; SEGMENT BELT CONV; 850086; GYR1-MDR-850086 CC651,JEVLLAS,3,3/10/2021,3/10/2021,,,,3/10/2021
156,57252933,[AMZN:GYR1:paKivaA01] Update your drive unit firmware,Completed,PR,GYR1-paKivaA01 HDU 558954,JEFLU,3,6/22/2021,6/22/2021,,,,6/22/2021
157,57253111,GYR1 AFE1  6/22/21  Master TT,Completed,BRKD,AFE.SHOE.1; SLAM 09-12; SEGMENT BELT CONV; 519630; GYR1-MDR-519630 CC945,JCSTROZ,3,6/22/2021,6/22/2021,,,,6/22/2021
158,57253787,GYR1 MRS 6/22 Master TT,Completed,CM,SL2 High Rate Slat Sorter - MRS,FCCERMAK,3,6/22/2021,6/22/2021,,,,6/23/2021
159,57254410,[GYR1] AFE1 Wall 111 Station 06 Chute shelving,Completed,BRKD,AFE.SHOE.1; REBIN 06; MDR CONV; 506014; GYR1-MDR-506014 CC915,PEDEJOSE,4,6/22/2021,6/22/2021,,,,6/25/2021
160,59183686,[GYR1-paKivaA01]  - 1307 - Station Issues > Equipment problem at station,Completed,CBM,GYR1-KIVA Station AR.FLOR.A01.STN.1307,JOPADEYI,4,7/28/2021,7/28/2021,,,,7/28/2021
161,54149321,Dark video / lighting | ODS | A3248 | GYR1,Completed,BRKD,GYR1-KIVA Station AR.FLOR.A03.STN.3248,WILARBE,3,4/17/2021,4/17/2021,,,,4/17/2021
162,59184891,[GYR1] - Belt leading to 3E spiral not working.,Cancelled,BRKD,,,4,7/28/2021,7/28/2021,,,,7/31/2021
163,57261368,Rebin lightbar row faulting out,Completed,BRKD,AFE.SHOE.1; REBIN 11; MDR CONV; 512044; GYR1-MDR-512044 CC920,ROBLFABI,5,6/22/2021,6/22/2021,,,,6/22/2021
164,57263431,[GYR1] - bowlsd needs help with Printer Issue,Cancelled,BRKD,,,4,6/22/2021,6/22/2021,,,,7/1/2021
165,53147038,"Waites Event Id: 52354, Sensor Id: 10820497",Completed,CBM,AFE.SHOE.2; LOOP SIR; SLIDER BED CONV; 802346; GYR1-Belted Transport-802346 CC95,BRACHINN,4,3/24/2021,3/24/2021,,,,3/25/2021
166,54152907,Power Failure Error - DU 524299,Completed,BRKD,GYR1-paKivaA02 HDU 524299,KALEBRIA,4,4/17/2021,4/17/2021,,,,4/17/2021
167,59188083,assisting ops,Completed,CM,MOD LEVEL 1,JOPADEYI,5,7/28/2021,7/28/2021,,,,7/31/2021
168,50358122,[GYR1] - AFE2 Rebin 209 keeps jamming,Cancelled,BRKD,,,4,1/15/2021,1/15/2021,,,,5/25/2021
169,49429066,pod vrc 1 reset ,Cancelled,CM,GENERAL SYSTEMS,,5,12/24/2020,12/24/2020,,,,4/14/2021
170,52519724,GYR1 AFE1 Wall 113-06 Dunnage Sensor,Completed,BRKD,AFE.SHOE.1; SLAM 01-08; SLIDER BED CONV; 519200; GYR1-Belted Transport-519200 CC,FELSOLON,5,3/10/2021,3/10/2021,,,,4/2/2021
171,48039556,[GYR1] Mix 03_25 Tape Machine,Cancelled,BRKD,,,5,11/24/2020,11/24/2020,,,,5/25/2021
172,56092624,[GYR1-paKivaA01]  - 104755135 - Pod issue > Dirty pod,Completed,BRKD,MOD LEVEL 1,KALEBRIA,4,5/29/2021,5/29/2021,,,,6/4/2021
173,54157966,GYR1 AFE1 Induct 116,Completed,CM,AFE.SHOE.1; RETOTE 01; BELT CONV; 501069; GYR1-MDR-501069 CC930,MBRNEY,5,4/17/2021,4/17/2021,,,,4/22/2021
174,59190546,[GYR1] AFE1 Induct 106 Tray Take Away,Completed,BRKD,AFE.SHOE.1; RETOTE 11; BELT CONV; 512069; GYR1-MDR-512069 CC920,LORRANG,3,7/28/2021,7/28/2021,,,,7/29/2021
175,56161378,OUTBOUND AFE2 Tray sorter Merge,Completed,BRKD,AFE.SHOE.2; TAKEAWAY 51-52; ROLLER TRANSPORT CONV; 801099; GYR1-VBELT-801099 CC9,SOFRANCI,3,5/31/2021,5/31/2021,,,,6/1/2021
176,56092790,[GYR1-paKivaA01]  - 105137259 - Pod issue > Dirty pod,Completed,BRKD,MOD LEVEL 1,KALEBRIA,4,5/29/2021,5/29/2021,,,,6/4/2021
177,54681321,[GYR1-paKivaA02]  - 104767927 - Pod issue > Dirty pod,Cancelled,BRKD,,,4,4/28/2021,4/28/2021,,,,5/19/2021
178,59194240,[CEL][23] - Missed Fiducial Check Engine Light - DU 528831 GYR1-paKivaA04,Completed,CBM,GYR1-paKivaA04 HDU 528831,PUENTEJA,3,7/28/2021,7/28/2021,,,,7/29/2021
179,51112821,[GYR1] FS Chute 228 malfunctioning sensor,Cancelled,BRKD,,,5,2/2/2021,2/2/2021,,,,5/25/2021
180,51113134,[GYR1] - AFE1 package takeaways not running,Cancelled,BRKD,,,3,2/2/2021,2/2/2021,,,,5/25/2021
181,57284339,[GYR1] - Flat Chute Fr-1074,Completed,BRKD,RTE.CB.1; LANE 00; CHUTE; F01074; GYR1-Gravity-F01074 CC530,PEDEJOSE,5,6/22/2021,6/22/2021,,,,6/25/2021
182,57284842,Broken guard rails,Completed,CM,SHP.SHOE.1; LANE 06; GRAVITY CONV; 160270; GYR1-Gravity-160270 CC510,ROBLFABI,5,6/22/2021,6/22/2021,,,,6/22/2021
183,54164441,[GYR1-paKivaA04]  - 4243 - Station Issues > Equipment problem at station,Completed,BRKD,GYR1-KIVA Station AR.FLOR.A04.STN.4243,WILARBE,4,4/17/2021,4/17/2021,,,,4/17/2021
184,57287766,[GYR1] tray take away 115/116,Completed,BRKD,AFE.SHOE.1; TAKEAWAY 01-02; V-BELT CONV; 501074; GYR1-VBELT-501074 CC930,KIECLAR,3,6/22/2021,6/22/2021,,,,6/28/2021
185,57288939,Guard rail repair,Completed,CM,PCK.1; SLAM 11; O-RING CURVE CONV; SL1113; GYR1-MDR-SL1113 SP011,PEDEJOSE,3,6/23/2021,6/23/2021,,,,6/23/2021
186,57291478,Smart track line 7 PTO belt side tracking.,Completed,CM,Belt on Slider Conveyor - Decline,ESCHUM,3,6/23/2021,6/23/2021,,,,6/23/2021
187,57292509,Railing broke off merge lane,Completed,CM,AFE.SHOE.1; TAKEAWAY 03-04; ROLLER TRANSPORT CONV; 503099; GYR1-VBELT-503099 CC9,HERTAJU,4,6/23/2021,6/23/2021,,,,6/23/2021
188,57292493,Air Leak,Cancelled,BRKD,MOD.1; LANE 02; TRANSPORT CONV; 622150; GYR1-Accumulating Rollers-622150 CC222,,5,6/23/2021,6/23/2021,,,,8/17/2021
189,57294893,VFD check,Completed,BRKD,RTE.CB.1; SIR; CROSSBELT SORTER; 180000; GYR1-Crossbelt-SC3 CC530,HUNTIDAN,3,6/23/2021,6/23/2021,,,,6/23/2021
190,54167257,[FID] Replace Fiducial MPDB47 GYR1-paKivaA03,Completed,CBM,GYR1-paKivaA03 Fiducials,EDURGR,5,4/17/2021,4/17/2021,,,,4/18/2021
191,57297828,replace tensa barrier,Completed,CM,GYR1-KIVA Station AR.FLOR.A01.STN.1353,JEFLU,5,6/23/2021,6/23/2021,,,,6/23/2021
192,57297987,[GYR1-paKivaA01]  - 105330912 - Pod issue > Dirty pod,Completed,BRKD,MOD LEVEL 1,KALEBRIA,4,6/23/2021,6/23/2021,,,,6/24/2021
193,57298586,Jam at bottom of Ambaflex conveyor,Completed,CM,AFE.SHOE.1; INFEED 09; SPIRAL CONV; 700810; Ambaflex- CC413 - Induct 102 & 103,VANBUC,5,6/23/2021,6/23/2021,,,,6/23/2021
194,57299254,finger guard out of place,Completed,FPM,RCV.1; LOOP SIR; V-BELT CONV; 210010; GYR1-VBELT-210010 CC205,EALYSS,5,6/23/2021,6/23/2021,,,,6/27/2021
195,53027651,Belt torn at lacing. Trim to facilitate ops until DTW. Replace ASAP.,Completed,BRKD,AFE.SHOE.1; JACKPOT 01; SEGMENT BELT CONV; 509020; GYR1-MDR-509020 CC900,KIMMERLB,3,3/22/2021,3/22/2021,,,,3/22/2021
196,50377260,section of rollers not running,Cancelled,CM,PCK.1; LANE 01; SEGMENT BELT CONV; 850086; GYR1-MDR-850086 CC651,GABRICA,5,1/15/2021,1/15/2021,,,,4/14/2021
197,54171949,DU 545283 Lifter motor ,Completed,BRKD,GYR1-paKivaA02 HDU 545283,ASHPFAF,5,4/18/2021,4/18/2021,,,,4/18/2021
198,53028863,[GYR1] AFE1 slam line 109,Cancelled,BRKD,,,3,3/22/2021,3/22/2021,,,,5/19/2021
199,54175564,HotspotFinder found one potential floor slip hotspot(s) on floor: AMZN/GYR1/paKi,Completed,PR,MOD LEVEL 1,ASHPFAF,3,4/18/2021,4/18/2021,,,,4/18/2021
200,53030959,General terminal Inspection,Completed,CM,SLAM  #3,HANJACO,4,3/22/2021,3/22/2021,,,,5/5/2021
201,54178163,[CEL][10] - Right Motor Power Failure CEL - DU 555733 GYR1-paKivaA03,Completed,CBM,GYR1-paKivaA03 HDU 555733,EDURGR,5,4/18/2021,4/18/2021,,,,4/18/2021
202,53032644,Slam 109 slave bed 520386 requires R&R,Cancelled,FPM,AFE.SHOE.1; SLAM 06; O-RING CONV; SL0601; GYR1-MDR-SL0601 SP006,AJVILA,5,6/25/2021,6/25/2021,,,,8/2/2021
203,56161558,ODS error 4207,Completed,CM,GYR1-KIVA Station AR.FLOR.A04.STN.4207,ZDHARR,4,5/31/2021,5/31/2021,,,,5/31/2021
204,57304682,bad prinbt head,Completed,CM,SMARTPAC; 05-05; GYR1-MHE-4252038 CC652,SOFRANCI,5,6/23/2021,6/23/2021,,,,6/23/2021
205,54183036,HotspotFinder found one potential floor slip hotspot(s) on floor: AMZN/GYR1/paKi,Completed,PR,MOD LEVEL 4,ZDHARR,3,4/18/2021,4/18/2021,,,,4/19/2021
206,55788697,Transship,Completed,BRKD,TSHP.POPUP.1; LOOP SIR; SEGMENT BELT CONV; 860175; GYR1-MDR-860175 CC430,SALASJUD,3,5/24/2021,5/24/2021,,,,5/24/2021
207,49524916,DECANT LINE 2 STATION 2-24 & 2-05 ECC'S FAULTED.,Cancelled,BRKD,RCV.1; LANE 02; SEGMENT BELT CONV; 202115; GYR1-MDR-202115 CC200,,5,12/26/2020,12/26/2020,,,,4/14/2021
208,59206116,Jam light active,Completed,BRKD,RTE.CB.1; REINDUCT 00; SEMI AUTO INDUCT ; CBI013; GYR1-SemiAutoInduct-CBI013 CC5,FELSOLON,4,7/29/2021,7/29/2021,,,,7/29/2021
209,53157596,Air Leak on Line 203380 in inbound area tote takeaway,Completed,FPM,RCV.1; LANE 03; RA CONV; 203380; GYR1-Accumulating Rollers-203380 CC200,KIECLAR,5,4/7/2021,4/7/2021,,,,5/17/2021
210,56162112,HotspotFinder found one potential floor slip hotspot(s) on floor: AMZN/GYR1/paKi,Completed,CBM,MOD LEVEL 4,ZDHARR,5,5/31/2021,5/31/2021,,,,5/31/2021
211,55950622,[GYR1] IB Dock Flex Conveyor line 1,Cancelled,BRKD,,,3,5/27/2021,5/27/2021,,,,6/16/2021
212,59206249,[GYR1] AFE1 Induct 110 Tray Take away,Completed,BRKD,AFE.SHOE.1; RETOTE 07; BELT CONV; 507069; GYR1-MDR-507069 CC915,VANBUC,3,7/29/2021,7/29/2021,,,,7/29/2021
213,57313162,rollers popped out,Completed,CM,O-ring Drive Roller Straight,JRRYCH,5,6/23/2021,6/23/2021,,,,6/23/2021
214,56094022,[GYR1-paKivaA01]  - 104505933 - Pod issue > Bin barcode/label issues,Completed,BRKD,MOD LEVEL 1,WILARBE,5,5/29/2021,5/29/2021,,,,5/29/2021
215,56163732,OUTBOUND SLAM Line 207,Cancelled,CM,,FCCERMAK,3,5/31/2021,5/31/2021,,,,5/31/2021
216,59214619,GYR1 Transship Robot reconfigured to wooden pallets,Completed,CM,6 AXIS ROBOT; (Alias_Des); 6 AXIS ROBOT; TRANSSHIP L1 ROBOT01 - ROBOTIC ARM (FAN,HUNTIDAN,3,7/29/2021,7/29/2021,,,,7/29/2021
217,59214765,SS dischg end small transnorm monitor,Cancelled,CM,SHP.SHOE.1; LOOP SIR; BELT CURVE CONV; 162300; GYR1-Transnorm-162300 CC510,HANJACO,4,7/29/2021,7/29/2021,,,,8/12/2021
218,55790892,AFE1 Sorter loop charge end between transnorm's belt is tracked into wall,Cancelled,FPM,AFE.SHOE.1; LOOP SIR; BELT ON ROLLER CONV; 502326; GYR1-Belted Transport-502326 ,RNMORGA,4,6/18/2021,6/18/2021,,,,7/22/2021
219,55791054,AFE1 induct 111 takeaway has amnesty on a roller ,Completed,FPM,AFE.SHOE.1; TAKEAWAY 05-06; V-BELT CONV; 505074; GYR1-VBELT-505074 CC930,LORRANG,4,7/15/2021,7/15/2021,,,,7/28/2021
220,53164614,Cleaning belly pans,Completed,FPM,MOD.1; LANE 02; TRANSPORT CONV; 622120; GYR1-Accumulating Rollers-622120 CC222,DUNHCHAS,5,7/17/2021,7/17/2021,,,,7/17/2021
221,53052940,[GYR1] Dead rollers on flex conveyor Decant line 3,Completed,BRKD,RCV.1; LANE 02; SEGMENT BELT CONV; 202460; GYR1-MDR-202460 CC200,JOSHCLAU,4,3/22/2021,3/22/2021,,,,3/27/2021
222,59222197,[FID] Replace Fiducial PFNK59 GYR1-paKivaA03,Completed,CBM,GYR1-paKivaA03 Fiducials,EDURGR,4,7/29/2021,7/29/2021,,,,7/29/2021
223,59222198,[FID] Replace Fiducial SJBR01 GYR1-paKivaA04,Completed,CBM,GYR1-paKivaA04 Fiducials,THMDNI,3,7/29/2021,7/29/2021,,,,7/29/2021
224,59222199,[FID] Replace Fiducial MPNF00 GYR1-paKivaA03,Completed,CBM,GYR1-paKivaA03 Fiducials,EDURGR,4,7/29/2021,7/29/2021,,,,7/29/2021
225,59222200,[FID] Replace Fiducial PMXL29 GYR1-paKivaA04,Completed,CBM,GYR1-paKivaA04 Fiducials,THMDNI,3,7/29/2021,7/29/2021,,,,7/29/2021
226,50400806,Repair on misaligned shaft ,Cancelled,CM,AFE.SHOE.2; TAKEAWAY 53-54; SLIDER BED CONV; 803095; GYR1-Belted Transport-80309,,4,1/16/2021,1/16/2021,,,,4/14/2021
227,59224375,[GYR1] tray jackpot,Cancelled,BRKD,,,3,7/29/2021,7/29/2021,,,,7/31/2021
228,50402271,Follow-Up from WO# 49855712 for SHP.074,Cancelled,FPM,SHIPPING,BENORWOO,5,1/16/2021,1/16/2021,,,,4/14/2021
229,57344010,[GYR1] - Flat Induct 25 is down,Completed,CM,RTE.CB.1; REINDUCT 00; SEMI AUTO INDUCT ; CBI025; GYR1-SemiAutoInduct-CBI025 CC5,HANJACO,4,6/23/2021,6/23/2021,,,,6/30/2021
230,57347267,[GYR1] AFE1 tote take away,Completed,BRKD,AFE.SHOE.1; RETOTE 08; SEGMENT BELT CONV; 508064; GYR1-MDR-508064 CC915,JCSTROZ,3,6/23/2021,6/23/2021,,,,6/24/2021
231,51157825,Induct 205 MDR,Cancelled,BRKD,AFE.SHOE.2; RETOTE 62; SEGMENT BELT CONV; 813066; GYR1-MDR-813066 CC970,,3,2/3/2021,2/3/2021,,,,4/14/2021
232,57353359,jackpot MOD,Completed,CM,RTE.CB.1; LOOP SIR; BELT CURVE CONV; 180220; GYR1-Transnorm-180220 CC521,JCSTROZ,5,6/24/2021,6/24/2021,,,,6/24/2021
233,57355703,Reassemble axle retain assembly ,Completed,FPM,AFE.SHOE.2; SLAM 08; SEGMENT BELT CONV; 819320; GYR1-MDR-819320 CC990,RIRSSEL,2,6/24/2021,6/24/2021,,,,6/24/2021
234,57356265,[GYR1-paKivaA01]  - 104737178 - Pod issue > Dirty pod,Completed,BRKD,MOD LEVEL 1,STEIRILE,4,6/24/2021,6/24/2021,,,,6/24/2021
235,51165032,"belt, decline",Cancelled,BRKD,RCV.1; LANE 03; SEGMENT BELT CONV; 203015; GYR1-MDR-203015 CC200,EMMUHLY,3,2/3/2021,2/3/2021,,,,4/14/2021
236,57363895,faulty MDR,Completed,CM,AFE.SHOE.2; SLAM 06; SEGMENT BELT CONV; 819235; GYR1-MDR-819235 CC990,MAUREYE,5,6/24/2021,6/24/2021,,,,6/24/2021
237,57368578,AFE1 Shoe cap warning 1212,Completed,CM,SL2 High Rate Slat Sorter - AFE 1,ALHHEBA,5,6/24/2021,6/24/2021,,,,6/25/2021
238,57369089,"damaged lacing, discharge end",Cancelled,CM,AFE.SHOE.1; TAKEAWAY 11-12; METERING CONV; 512097; GYR1-Belted Transport-512097 ,JCSTROZ,4,6/24/2021,6/24/2021,,,,6/30/2021
239,56165122,frayed belt needs trimming,Completed,FPM,AFE.SHOE.1; TAKEAWAY 13-14; RA CONV; 515096; GYR1-Accumulating Rollers-515096 CC,EALYSS,5,5/31/2021,5/31/2021,,,,7/28/2021
240,50411633,Follow-Up from WO# 49910681 for 201100,Cancelled,FPM,O-ring Drive Roller Straight,,5,1/16/2021,1/16/2021,,,,4/14/2021
241,50412492,Follow-Up from WO# 49796668 for SHP.074,Cancelled,FPM,SHIPPING,EMMUHLY,5,1/16/2021,1/16/2021,,,,4/14/2021
242,57379482,[GYR1-paKivaA02]  - 103519416 - Pod issue > Physical pod damage,Completed,BRKD,MOD LEVEL 2,SSILLIMA,4,6/24/2021,6/24/2021,,,,6/24/2021
243,59249665,[GYR1] Falts Collector belt off of Smart Pac,Cancelled,BRKD,,,3,7/29/2021,7/29/2021,,,,7/31/2021
244,59251552,[CEL][22] - Obstacle in Path Check Engine Light - DU 530427 GYR1-paKivaA04,Completed,CBM,GYR1-paKivaA04 HDU 530427,EDURGR,5,7/29/2021,7/29/2021,,,,7/31/2021
245,53080540,"Waites Event Id: 52082, Sensor Id: 10766945",Completed,CBM,SHP.SHOE.1; LOOP SIR; BELT CURVE CONV; 162160; GYR1-Transnorm-162160 CC510,SOFRANCI,3,5/3/2021,5/3/2021,,,,5/3/2021
246,59257993,Faulty MDR,Cancelled,CM,RCV.1; LANE 01; SEGMENT BELT CONV; 201440; GYR1-MDR-201440 CC200,RNMORGA,4,7/30/2021,7/30/2021,,,,7/30/2021
247,53086483,[GYR1] SmartPac PLC Processor Version Upgrade to V32,Completed,PR,SMART PAC; SMART PAC (##); CONTROL CABINET; CC0652; control cabinet; CC0652; GYR,DAMIKUHN,5,3/23/2021,3/23/2021,,,,5/13/2021
248,56165881,"Waites Event Id: 59953, Sensor Id: 10648511",Cancelled,CBM,SHP.SHOE.1; LOOP SIR; FLOW CONTROL CONV; 162110; GYR1-Singulator-162110 CC510,MAISONAL,1,6/18/2021,6/18/2021,,,,8/4/2021
249,57396665,guard modification,Completed,CM,TSHP.POPUP.1; LOOP SIR; V-BELT CONV; 852125; GYR1-VBELT-852125 CC630,SALASJUD,5,6/24/2021,6/24/2021,,,,6/24/2021
250,53088253,GYR1 Smartpack 7_12,Completed,BRKD,SMARTPAC; 07-12; GYR1-MHE-4202038 CC652,SOFRANCI,4,3/23/2021,3/23/2021,,,,3/23/2021
251,53088665,AFE2 Merge belt is tracked to one side,Completed,FPM,AFE.SHOE.2; LOOP SIR; MERGE CONV; 802300; GYR1-Belted Transport-802300 CC950,RNMORGA,4,6/18/2021,6/18/2021,,,,7/4/2021
252,57400729,[GYR1] AO4 Pod issue > Dirty Pod,Cancelled,BRKD,,,5,6/25/2021,6/25/2021,,,,
253,57402478,[GYR1] RME- Missing magnet on safety strap,Completed,BRKD,GYR1-KIVA Station AR.FLOR.A03.STN.3349,ASHPFAF,5,6/25/2021,6/25/2021,,,,7/1/2021
254,57404540,Guarding needs adjustment,Completed,CM,SHP.SHOE.1; LOOP SIR; BELT CURVE CONV; 162300; GYR1-Transnorm-162300 CC510,HOWARSUL,4,6/25/2021,6/25/2021,,,,6/25/2021
255,59261734,[FID] Replace Fiducial PXFQ22 GYR1-paKivaA02,Completed,CBM,GYR1-paKivaA02 Fiducials,RANDYGOD,3,7/30/2021,7/30/2021,,,,7/30/2021
256,53091314,[GYR1] - AFE1 wall 113 lifter at the mini-recirc discharge,Cancelled,BRKD,,,3,3/23/2021,3/23/2021,,,,4/10/2021
257,57407148,Belt to tracked,Completed,FPM,PCK.1; LANE 01; SEGMENT BELT CONV; 850095; GYR1-MDR-850095 CC651,FELSOLON,5,6/25/2021,6/25/2021,,,,7/1/2021
258,53093829,E stop eyes broken off on bed 211080,Completed,FPM,MOD.3; INFEED 01; RA CONV; 211080; GYR1-Accumulating Rollers-211080 CC205,ACLUS,5,3/31/2021,3/31/2021,,,,3/31/2021
259,53093828,"ECC Faults, unable to reset",Cancelled,FPM,GENERAL CONVEYANCE,JONNAGIL,4,3/23/2021,3/23/2021,,,,3/31/2021
260,51199509,GYR1: Decant Line 2: Auger not working,Completed,BRKD,GENERAL CONVEYANCE,MATHEINS,3,2/4/2021,2/4/2021,,,,5/11/2021
261,59263971,[CEL][23] - Missed Fiducial Check Engine Light - DU 532643 GYR1-paKivaA03,Completed,CBM,GYR1-paKivaA03 HDU 532643,EDURGR,5,7/30/2021,7/30/2021,,,,7/31/2021
262,59265413,ARSAW Station 3125 issue,Completed,BRKD,GYR1-KIVA Station AR.FLOR.A03.STN.3125,KALEBRIA,5,7/30/2021,7/30/2021,,,,7/30/2021
263,59266973,[GYR1-paKivaA03]  - 102377837 - Pod issue > Dirty pod,Completed,BRKD,MOD LEVEL 3,JSONHU,4,7/30/2021,7/30/2021,,,,7/31/2021
264,51203778,[GYR1] RME- [AFE2- Rebin wall # 201-Crossbar LED],Cancelled,BRKD,,,3,2/4/2021,2/4/2021,,,,5/25/2021
265,57417703,[GYR1] RME- Divert 15 MRS,Cancelled,BRKD,AFE.SHOE.1; INFEED 05; V-BELT CONV; 700405; GYR1-VBELT-700405 CC413,MBRNEY,5,6/25/2021,6/25/2021,,,,
266,59269934,[GYR1-paKivaA04]  - 105231483 - Pod issue > Dirty pod,Completed,BRKD,MOD LEVEL 4,ZDHARR,4,7/30/2021,7/30/2021,,,,8/1/2021
267,55793850,SLAM 101 MDR before and after intralox section require cleaning,Cancelled,FPM,AFE.SHOE.2; SLAM101,HERTAJU,5,6/18/2021,6/18/2021,,,,8/2/2021
268,55793949,SLAM 210 MDR before and after intralox section require cleaning,Completed,FPM,AFE.SHOE.1; SLAM210,HERTAJU,5,6/18/2021,6/18/2021,,,,7/7/2021
269,53108705,change heating element on smartpac 7-11,Completed,CM,SMARTPAC; 07-11; GYR1-MHE-4152037 CC+652,DUNHCHAS,5,3/23/2021,3/23/2021,,,,3/23/2021
270,54212291,GYR1 Trans Robot,Completed,BRKD,6 AXIS ROBOT; (Alias_Des); 6 AXIS ROBOT; TRANSSHIP L1 ROBOT01 - ROBOTIC ARM (FAN,AMASTOV,3,4/18/2021,4/18/2021,,,,4/18/2021
271,54213131,[CEL][26] - Pod Barcode Failed Check Engine Light - DU 529495 GYR1-paKivaA04,Completed,CBM,GYR1-paKivaA04 HDU 529495,ZDHARR,5,4/18/2021,4/18/2021,,,,4/19/2021
272,54213374,GYR1 Flat Sorter Induct Station 12,Cancelled,BRKD,,,4,4/18/2021,4/18/2021,,,,5/19/2021
273,54214645,"Waites Event Id: 54993, Sensor Id: 10821030",Cancelled,CBM,RTE.CB.1; LOOP SIR; BELT ON SLIDER CONV; 180301; GYR1-Belted Transport-180301 CC,,3,4/19/2021,4/19/2021,,,,5/14/2021
274,51223377,Stalled Contractor Work,Cancelled,BRKD,MOD.3; LANE 01; MDR CONV; 424100; GYR1-MDR-424100 CC214,,4,2/5/2021,2/5/2021,,,,4/14/2021
275,57439958,[GYR1-paKivaA01]  - 1448 - Station Issues > Equipment problem at station,Completed,CM,GYR1-KIVA Station AR.FLOR.A01.STN.1448,SSILLIMA,4,6/25/2021,6/25/2021,,,,6/25/2021
276,53188479,[GYR1-paKivaA04]  - 104787363 - Pod issue > Bin Label Missing (B 1B),Cancelled,BRKD,,,5,3/25/2021,3/25/2021,,,,5/19/2021
277,59283620,[GYR1] RME- Flat sorter,Completed,BRKD,RTE.CB.1; LOOP SIR; BELT TRANSPORT CONV; 180110; GYR1-Belted Transport-180110 CC,MOAUST,3,7/30/2021,7/30/2021,,,,7/30/2021
278,57444134,[GYR1] RME- SMART PAC,Completed,BRKD,SMARTPAC; 05-04; GYR1-MHE-4262040 CC652,PEDEJOSE,5,6/25/2021,6/25/2021,,,,6/26/2021
279,57450258,Not cutting properly,Completed,FPM,SMARTPAC; 05-04; GYR1-MHE-4262040 CC652,HERTAJU,4,6/26/2021,6/26/2021,,,,6/26/2021
280,57451367,Sensor dirty,Completed,CM,RTE.CB.1; REINDUCT 00; SEMI AUTO INDUCT ; CBI015; GYR1-SemiAutoInduct-CBI015 CC5,HERTAJU,5,6/26/2021,6/26/2021,,,,6/26/2021
281,57451507,[FID] Replace Fiducial MPWG32 GYR1-paKivaA04,Completed,CBM,GYR1-paKivaA04 Fiducials,SSILLIMA,3,6/26/2021,6/26/2021,,,,6/26/2021
282,57451965,Tranship Divert 1 RAT missing flat O-bands,Completed,CM,TSHP.POPUP.1; SIR; NARROW BELT SORTER; 860180; GYR1-MDR-860180 CC430,RNMORGA,5,6/26/2021,6/26/2021,,,,6/29/2021
283,57452035,the lift is seized up.,Completed,CM,Tote Stacker,MAUREYE,5,6/26/2021,6/26/2021,,,,7/3/2021
284,57452039,[AMZN:GYR1:paKivaA04] Update your drive unit firmware,Completed,PR,GYR1-paKivaA04 HDU 528344,ASHPFAF,3,6/26/2021,6/26/2021,,,,7/1/2021
285,57453577,[GYR1] RME- Vrets tote jam 1st floor,Completed,BRKD,AFE.SHOE.1; EMP.TOTE 01; RA CONV; 206550; GYR1-Accumulating Rollers-206550 CC612,AHALLSTE,4,6/26/2021,6/26/2021,,,,6/28/2021
286,54221080,GYR1 Flat Sorter,Completed,BRKD,RTE.CB.1; LOOP SIR; BELT ON SLIDER CONV; 180401; GYR1-Belted Transport-180401 CC,DUNHCHAS,3,4/19/2021,4/19/2021,,,,4/20/2021
287,57455422,"Missing shoe cap, unknown slat no",Completed,CM,SL2 High Rate Slat Sorter - AFE 1,ALHHEBA,5,6/26/2021,6/26/2021,,,,8/5/2021
288,57456278,[GYR1] - E Stop on Flat Sorter in restricted Area,Completed,BRKD,RTE.CB.1; REINDUCT 00; SEMI AUTO INDUCT ; CBI024; GYR1-SemiAutoInduct-CBI024 CC5,DUNHCHAS,3,6/26/2021,6/26/2021,,,,6/27/2021
289,54222262,GYR1 AFE1 sort side rebin 108,Cancelled,BRKD,,,5,4/19/2021,4/19/2021,,,,
290,54222595,Replaced UI Panel on DU 557409,Completed,CM,MOD LEVEL 2,EDURGR,5,4/19/2021,4/19/2021,,,,4/19/2021
291,57462725,GYR1 - guillerh needs help with New Equipment Request,Cancelled,PR,,,4,6/26/2021,6/26/2021,,,,7/2/2021
292,57462729,[GYR1-paKivaA04]  - 104715519 - Pod issue > Physical pod damage,Completed,CM,MOD LEVEL 4,ROMDESMO,4,6/26/2021,6/26/2021,,,,6/27/2021
293,54225277,[GYR1] SLAM Line 103 shipping label machine is having issues,Completed,CM,AUDIT EQUIPMENT,BRYANSTA,3,4/19/2021,4/19/2021,,,,4/19/2021
294,59293358,missing O-Ring,Completed,CM,AFE.SHOE.1; SLAM 13-16; O-RING CONV; 519705; GYR1-MDR-519705 CC945,ROBLFABI,5,7/30/2021,7/30/2021,,,,7/30/2021
295,59294166,[FID] Replace Fiducial PFKU72 GYR1-paKivaA01,Completed,PR,MOD LEVEL 1,JSONHU,3,7/30/2021,7/30/2021,,,,7/31/2021
296,59298259,[CEL][23] - Missed Fiducial Check Engine Light - DU 556815 GYR1-paKivaA02,Completed,CBM,GYR1-paKivaA02 HDU 556815,JOPADEYI,3,7/30/2021,7/30/2021,,,,7/31/2021
297,54228655,guarding on bed 170045 requires R&R,Completed,FPM,RTE.SHOE.1; JACKPOT 01; BELT ON ROLLER CONV; 170045; GYR1-Belted Transport-17004,FELSOLON,5,5/6/2021,5/6/2021,,,,5/6/2021
298,54228654,Prodduct jammed in front caster.,Completed,BRKD,GYR1-paKivaA02 HDU 554192,SSILLIMA,4,4/19/2021,4/19/2021,,,,4/19/2021
299,54231217,Replace vbelt,Completed,FPM,RCV.1; LOOP SIR; V-BELT CONV; 210080; GYR1-VBELT-210080 CC205,FCCERMAK,3,4/19/2021,4/19/2021,,,,4/26/2021
300,54231275,Secure photoeye,Completed,FPM,RTE.CB.1; LOOP SIR; BELT TRANSPORT CONV; 180150; GYR1-Belted Transport-180150 CC,FCCERMAK,3,4/19/2021,4/19/2021,,,,4/26/2021
301,59302274,Roller was out of slot,Completed,CM,AFE.SHOE.1; SLAM 09-12; SEGMENT BELT CONV; 519630; GYR1-MDR-519630 CC945,HERTAJU,4,7/31/2021,7/31/2021,,,,7/31/2021
302,59302863,Tension flat sorter collecter bed,Completed,CM,RTE.CB.1; LOOP SIR; BELT TRANSPORT CONV; 180150; GYR1-Belted Transport-180150 CC,DUNHCHAS,5,7/31/2021,7/31/2021,,,,7/31/2021
303,59303421,[FID] Replace Fiducial PJFW64 GYR1-paKivaA03,Completed,CBM,GYR1-paKivaA03 Fiducials,EDURGR,5,7/31/2021,7/31/2021,,,,7/31/2021
304,59303559,Missing O-Ring,Completed,CM,AFE.SHOE.2; SLAM 01; O-RING CONV; SL0101; GYR1-MDR-SL0101 SP001,PEDEJOSE,5,7/31/2021,7/31/2021,,,,7/31/2021
305,57483527,[CEL][25] - Floor Barcode Failed Check Engine Light - DU 559465 GYR1-paKivaA01,Completed,CBM,GYR1-paKivaA01 HDU 559465,ROMDESMO,3,6/26/2021,6/26/2021,,,,6/27/2021
306,57483530,[CEL][23] - Missed Fiducial Check Engine Light - DU 558021 GYR1-paKivaA01,Completed,CBM,GYR1-paKivaA01 HDU 558021,RBBIRKES,3,6/26/2021,6/26/2021,,,,6/27/2021
307,57486532,[GYR1-paKivaA02]  - 105312294 - Pod issue > Dirty pod,Completed,BRKD,MOD LEVEL 2,ROMDESMO,4,6/27/2021,6/27/2021,,,,6/27/2021
308,59306125,[GYR1]  - 105250141 Dirty pod,Completed,BRKD,MOD LEVEL 1,ZDHARR,4,7/31/2021,7/31/2021,,,,8/18/2021
309,59306685,[GYR1-paKivaA01]  - 105250141 - Pod issue > Dirty pod,Completed,BRKD,MOD LEVEL 1,ZDHARR,4,7/31/2021,7/31/2021,,,,8/18/2021
310,57489373,[GYR1-paKivaA03]  - 103416684- Pod issue > Dirty pod,Completed,BRKD,MOD LEVEL 3,JEFLU,4,6/27/2021,6/27/2021,,,,7/2/2021
311,57489979,Bad MDR Changed ,Completed,BRKD,AFE.SHOE.2; SLAM 06; SEGMENT BELT CONV; 819260; GYR1-MDR-819260 CC990,DUNHCHAS,5,6/27/2021,6/27/2021,,,,6/27/2021
312,57491867,damaged light bar wire,Completed,CM,AFE.SHOE.2; REBIN 63; WALL 213,HERTAJU,5,6/27/2021,6/27/2021,,,,6/30/2021
313,57492075,[GYR1-paKivaA04]  - 101646163 - Pod issue > Dirty pod,Completed,BRKD,MOD LEVEL 4,SSILLIMA,4,6/27/2021,6/27/2021,,,,7/3/2021
314,57493625,GYR1 MRS 6/27 Master TT,Completed,BRKD,RTE.SHOE.1; LOOP SIR; MERGE CONV; 140000; GYR1-Belted Transport-140000 CC410,JCSTROZ,3,6/27/2021,6/27/2021,,,,6/27/2021
315,57493808,Amnesty,Completed,CM,GENERAL CONVEYANCE,WINKSTK,5,6/27/2021,6/27/2021,,,,7/22/2021
316,59312151,[GYR1] RME- Ship sorter divert 25,Completed,BRKD,SHP.SHOE.1; LANE 25; SPIRAL CHUTE; 161210; GYR1-Spiral Chute-161210 CC510,KIECLAR,5,8/3/2021,8/3/2021,,,,8/3/2021
317,59312742,[FID] Replace Fiducial PFBA88 GYR1-paKivaA02,Completed,CBM,GYR1-paKivaA02 Fiducials,JOPADEYI,3,7/31/2021,7/31/2021,,,,7/31/2021
318,51258357,[GYR1] Outbound Ship Dock DD167 Chute,Cancelled,BRKD,,,5,2/6/2021,2/6/2021,,,,5/23/2021
319,51268084,Follow-Up from WO# 50675405 for 1013SLAM02,Cancelled,FPM,SLAM  #2,,4,2/6/2021,2/6/2021,,,,4/14/2021
320,57520062,[GYR1] AFE1 Induct 110 Tray Take away,Completed,BRKD,AFE.SHOE.1; RETOTE 08; SEGMENT BELT CONV; 508064; GYR1-MDR-508064 CC915,SALASJUD,3,6/27/2021,6/27/2021,,,,7/15/2021
321,57523801,[CEL][23] - Missed Fiducial Check Engine Light - DU 525404 GYR1-paKivaA02,Completed,CBM,GYR1-paKivaA02 HDU 525404,PUENTEJA,3,6/27/2021,6/27/2021,,,,6/28/2021
322,57525851,Tote Stacker 1- Outfeed Conveyor Photo Eye needs replacced.,Completed,CM,AFE.SHOE.1; EMP.TOTE 01; GRAVITY CONV; 206585; GYR1-Gravity-206585 CC612,CMAYN,4,6/28/2021,6/28/2021,,,,6/28/2021
323,57526010,813097 - Replace Torn Metering Belt,Completed,CM,AFE.SHOE.2; TAKEAWAY 61-62; METERING CONV; 813097; GYR1-Belted Transport-813097 ,HANJACO,3,6/28/2021,6/28/2021,,,,6/28/2021
324,57529841,PTO Belt Damaged,Completed,CM,Belt on Slider Conveyor - Decline,JCSTROZ,3,6/28/2021,6/28/2021,,,,6/28/2021
325,53220897,Blade and heater coil replacement ,Completed,BRKD,SMARTPAC; 07-11; GYR1-MHE-4152037 CC+652,MZNBRYC,4,3/26/2021,3/26/2021,,,,3/26/2021
326,57532264,GYR1 AFE2 6/28/21  Master TT,Completed,BRKD,AFE.SHOE.2; TAKEAWAY 59-60; V-BELT CONV; 810074; GYR1-VBELT-810074 CC985,KIECLAR,3,6/28/2021,6/28/2021,,,,6/29/2021
327,57534086,"Induct 24, Belt 2 Loud Noise",Completed,BRKD,RTE.CB.1; REINDUCT 00; SEMI AUTO INDUCT ; CBI024; GYR1-SemiAutoInduct-CBI024 CC5,MOAUST,5,6/28/2021,6/28/2021,,,,6/30/2021
328,57534781,[GYR1] AFE1 Wall 116 Station 03 pax side,Completed,CM,AFE.SHOE.1; REBIN 01; MDR CONV; 501023; GYR1-Pneumatic Divert-501023 CC915,OSBJAVON,4,6/28/2021,6/28/2021,,,,6/29/2021
329,57537660,Zone 2 Full Tote Out PE Adjustment,Completed,CM,ARSAW Station #428 - 4159 & 4158,RANDYGOD,4,6/28/2021,6/28/2021,,,,6/28/2021
330,57539093,[FID] Replace Fiducial MPTH29 GYR1-paKivaA04,Completed,CBM,GYR1-paKivaA04 Fiducials,ECCLJ,3,6/28/2021,6/28/2021,,,,6/28/2021
331,57539724,Castor Wheel Replacement,Completed,BRKD,GYR1-paKivaA01 HDU 542824,BRENHAYS,4,6/28/2021,6/28/2021,,,,6/28/2021
332,57539889,[GYR1-paKivaA01]  - 104963112 - Pod issue > Dirty pod,Completed,BRKD,MOD LEVEL 1,KALEBRIA,3,6/28/2021,6/28/2021,,,,7/1/2021
333,53230112,[GYR1] Decant Line-3,Completed,CM,RCV.1; TRASH 00; BELT TRANSPORT CONV; 206060; GYR1-Belted Transport-206060 CC200,FCCERMAK,3,3/26/2021,3/26/2021,,,,4/6/2021
334,53233115,[GYR1-paKivaA02]  - 104798070 - Pod issue > Physical pod damage,Completed,BRKD,MOD LEVEL 2,BRENHAYS,4,3/26/2021,3/26/2021,,,,3/31/2021
335,52554861,"Slam207Band, Brake broke",Completed,CM,SLAM  #7,JOHNDLE,4,3/11/2021,3/11/2021,,,,3/11/2021
336,59337274,[FID] Replace Fiducial PXFA59 GYR1-paKivaA03,Completed,CBM,GYR1-paKivaA03 Fiducials,ECCLJ,3,7/31/2021,7/31/2021,,,,7/31/2021
337,57550081,[FID] Replace Fiducial PMWU53 GYR1-paKivaA01,Completed,PR,MOD LEVEL 1,ECCLJ,3,6/28/2021,6/28/2021,,,,6/28/2021
338,49646807,[GYR1] MRS Recirc Line Has a roller that is stopped.,Cancelled,BRKD,,,4,12/29/2020,12/29/2020,,,,5/25/2021
339,51287200,[GYR1] Inner Collector Belt,Cancelled,BRKD,,,3,2/6/2021,2/6/2021,,,,5/23/2021
340,55955626,[GYR1] Cart Assembly Outbound Ship Dock,Cancelled,BRKD,,,5,5/27/2021,5/27/2021,,,,
341,57553365,photoeye reflector,Completed,CM,TSHP.POPUP.1; SIR; NARROW BELT SORTER; 860180; GYR1-MDR-860180 CC430,ROBLFABI,5,6/28/2021,6/28/2021,,,,6/28/2021
342,59342709,Film offset and bags catching on teflon tape.,Completed,BRKD,SMARTPAC; 05-02; GYR1-MHE-4222038 CC652,PEDEJOSE,2,8/1/2021,8/1/2021,,,,8/1/2021
343,59343120,"Belt lacing tearing, Belt needs R&R AFE 1 Lane 9 metering belt",Completed,CM,AFE.SHOE.1; TAKEAWAY 11-12; METERING CONV; 512097; GYR1-Belted Transport-512097 ,PEDEJOSE,4,8/1/2021,8/1/2021,,,,8/1/2021
344,59344150,[FID] Replace Fiducial MPMZ68 GYR1-paKivaA04,Completed,CBM,GYR1-paKivaA04 Fiducials,ZDHARR,3,8/1/2021,8/1/2021,,,,8/1/2021
345,59344736,Guard rail bracket to be replaced,Completed,CM,MOD.3; INFEED 01; V-BELT CONV; 211000; GYR1-VBELT-211000 CC205,HERTAJU,5,8/1/2021,8/1/2021,,,,8/1/2021
346,59346545,[GYR1-paKivaA02]  - 105266030 - Pod issue > Bin barcode/label issues,Completed,BRKD,MOD LEVEL 2,EDURGR,5,8/1/2021,8/1/2021,,,,8/6/2021
347,51296674,"[GYR1] Decant Line 2: Stations 2-10, 2-12,2-17 and 2-19 not working.",Cancelled,BRKD,,,5,2/7/2021,2/7/2021,,,,
348,59348680,[FID] Replace Fiducial MPMZ68 GYR1-paKivaA04,Completed,CBM,GYR1-paKivaA04 Fiducials,ZBBUSHA,3,8/1/2021,8/1/2021,,,,8/1/2021
349,59350096,[CEL][25] - Floor Barcode Failed Check Engine Light - DU 538748 GYR1-paKivaA04,Completed,CBM,GYR1-paKivaA04 HDU 538748,JOPADEYI,3,8/1/2021,8/1/2021,,,,8/1/2021
350,59350100,[CEL][23] - Missed Fiducial Check Engine Light - DU 532643 GYR1-paKivaA03,Completed,CBM,GYR1-paKivaA03 HDU 532643,ECCLJ,3,8/1/2021,8/1/2021,,,,8/1/2021
351,59350401,[GYR1-paKivaA03]  - 105223984 - Pod issue > Dirty pod,Completed,BRKD,MOD LEVEL 3,ECCLJ,4,8/1/2021,8/1/2021,,,,8/3/2021
352,54250660,Full tote out sensor reads jammed.,Completed,CM,ARSAW Station #218 - 2312 & 2314,SSILLIMA,4,4/19/2021,4/19/2021,,,,5/3/2021
353,51303936,Look at comments.      Follow-Up from WO# 50682647 for 1013SLAM08,Cancelled,FPM,SLAM #8,,4,2/7/2021,2/7/2021,,,,4/14/2021
354,59355103,[GYR1] - IB Sorter is down unexpectedly during roller replacement leading to 3rd,Completed,CM,MOD.2; INFEED 01; SEGMENT BELT CONV; 213030; GYR1-MDR-213030 CC205,MICHLAFF,3,8/1/2021,8/1/2021,,,,8/2/2021
355,54696931,GYR1 Flat Sorter Chute 1002,Completed,BRKD,RTE.CB.1; LANE 00; CHUTE; F01002; GYR1-Gravity-F01002 CC530,NEILCOUC,4,4/28/2021,4/28/2021,,,,4/29/2021
356,54254711,Detached Waites Wireless sensors on SHP tunnel conveyor motor,Cancelled,CM,SHP.SHOE.1; LOOP SIR; METERING CONV; 162190; GYR1-Belted Transport-162190 CC510,,4,4/19/2021,4/19/2021,,,,5/2/2021
357,53258000,Air leak by PS 2-22 ,Completed,FPM,PCK.1; LANE 02; RA CONV; 850150; GYR1-Accumulating Rollers-850150 CC651,HERTAJU,4,3/27/2021,3/27/2021,,,,4/15/2021
358,54256991,Camera Misalignment[GYR1 A02 2158],Completed,CM,GYR1-KIVA Station AR.FLOR.A02.STN.2158,ECCLJ,5,4/20/2021,4/20/2021,,,,4/20/2021
359,54697892,180420 - belt repair,Completed,CM,RTE.CB.1; LOOP SIR; BELT ON ROLLER CONV; 180420; GYR1-Belted Transport-180420 CC,HANJACO,5,4/28/2021,4/28/2021,,,,4/28/2021
360,57573681,[FID] Replace Fiducial PFML72 GYR1-paKivaA01,Completed,PR,MOD LEVEL 1,ASHPFAF,3,6/29/2021,6/29/2021,,,,6/29/2021
361,54259473,lace breaking,Completed,FPM,AFE.SHOE.1; TAKEAWAY 03-04; RA CONV; 503085; GYR1-Accumulating Rollers-503085 CC,MAUREYE,4,6/13/2021,6/16/2021,,,,6/16/2021
362,52562049,GYR1 AFE1 Sorter Down,Cancelled,CM,,FCCERMAK,3,3/11/2021,3/11/2021,,,,5/16/2021
363,54259602,accumulating roller,Completed,FPM,AFE.SHOE.1; TAKEAWAY 13-14; RA CONV; 515096; GYR1-Accumulating Rollers-515096 CC,ROBLFABI,5,6/13/2021,6/16/2021,,,,6/16/2021
364,54259689,Torn lacing belt must be replaced,Completed,BRKD,RCV.1; LANE 01; BELT CONV; 201330; GYR1-MDR-201330 CC200,KIECLAR,2,4/20/2021,4/20/2021,,,,4/20/2021
365,54259751,o-ring rollers,Completed,FPM,AFE.SHOE.1; REBIN 02; RA CONV; 502004; GYR1-Accumulating Rollers-502004 CC915,ROBLFABI,5,6/13/2021,6/16/2021,,,,6/16/2021
366,53265775,drive belt is shreding,Completed,CM,AFE.SHOE.2; TAKEAWAY 51-52; BELT ON ROLLER CONV; 801098; GYR1-Belted Transport-8,JEVLLAS,2,3/29/2021,3/29/2021,,,,3/31/2021
367,59366401,GYR1 AFE2 8/01/21  Master TT,Completed,BRKD,SL2 High Rate Slat Sorter - AFE 2,HANJACO,3,8/1/2021,8/1/2021,,,,8/16/2021
368,57585485,[FID] Replace Fiducial PMYM43 GYR1-paKivaA04,Completed,CBM,GYR1-paKivaA04 Fiducials,ZDHARR,3,6/29/2021,6/29/2021,,,,6/29/2021
369,54263124,slow motor leak,Completed,CM,AFE.SHOE.1; INFEED 10; V-BELT CONV; 700905; GYR1-VBELT-700905 CC413,RIRSSEL,5,5/22/2021,5/22/2021,,,,6/5/2021
370,57587608,"snubber clicking, adjust",Cancelled,FPM,GENERAL CONVEYANCE,EALYSS,5,6/29/2021,6/29/2021,,,,8/17/2021
371,52563872,"Waites Event Id: 50729, Sensor Id: 0",Completed,CBM,AFE.SHOE.2; LOOP SIR; MERGE CONV; 802300; GYR1-Belted Transport-802300 CC950,RIRSSEL,3,4/10/2021,4/19/2021,,,,7/7/2021
372,57589004,[GYR1-paKivaA04]  - 4129 - Station Issues > Equipment problem at station,Completed,BRKD,ARSAW Station #424 - 4130 & 4129,ZDHARR,4,6/29/2021,6/29/2021,,,,6/29/2021
373,52564328,DEMATIC SL2 PRE-PRIME/PEAK FLEXSORTER SWAP OUT PLAN,Completed,PR,SL2 High Rate Slat Sorter - AFE 1,DAMIKUHN,4,3/11/2021,4/30/2021,,,,5/21/2021
374,54264475,[GYR1-paKivaA02]  - 104814828 - Pod issue > Dirty pod,Completed,CM,MOD LEVEL 2,ZDHARR,5,4/20/2021,4/20/2021,,,,4/20/2021
375,54266123,Purple cable on lift broken due to lift smashing a tote,Completed,BRKD,ARSAW Station #317 - 3318 & 3320,ZDHARR,4,4/20/2021,4/20/2021,,,,4/21/2021
376,57594662,GYR1 ship sorter  Master TT 6/29/21,Cancelled,PR,,,3,6/29/2021,6/29/2021,,,,7/2/2021
377,57594746,[GYR1] AFE1 Wall 113 Station 05 Hand Scanner,Completed,BRKD,AFE.SHOE.1; REBIN 13; WALL 113,MAUREYE,4,6/29/2021,6/29/2021,,,,7/17/2021
378,54267644,AFE 2 merge lane 7 segmented belt tracked into wall,Completed,FPM,AFE.SHOE.2; TAKEAWAY 63-64; METERING CONV; 815097; GYR1-Belted Transport-815097 ,PEDEJOSE,4,4/29/2021,4/29/2021,,,,4/29/2021
379,54267807,AFE 2 merge lane 5 belt tracked into wall,Completed,FPM,AFE.SHOE.2; TAKEAWAY 59-60; BELT ON ROLLER CONV; 810098; GYR1-Belted Transport-8,EMMUHLY,4,6/6/2021,6/9/2021,,,,5/31/2021
380,57596443,GYR1 MRS 6/29/21,Completed,BRKD,RTE.SHOE.1; LOOP SIR; MERGE CONV; 140000; GYR1-Belted Transport-140000 CC410,JCSTROZ,3,6/29/2021,6/29/2021,,,,6/29/2021
381,51331281,Belt tearing at laces on decline headed to SLAM 305,Cancelled,CM,PCK.1; LANE 03; SEGMENT BELT CONV; 850275; GYR1-MDR-850275 CC651,,4,2/8/2021,2/8/2021,,,,4/14/2021
382,51332825,Follow-Up from WO# 50692689 for 1013203370,Cancelled,FPM,RCV.1; LANE 03; SLIDER BED CONV; 203370; GYR1-Belted Transport-203370 CC200,JEVLLAS,5,2/8/2021,2/8/2021,,,,4/14/2021
383,51333361,ame(motor protector) bad ,Cancelled,BRKD,RCV.1; LANE 03; SLIDER BED CONV; 203310; GYR1-Belted Transport-203310 CC200,,3,2/8/2021,2/8/2021,,,,4/14/2021
384,57603440,GYR1 AFE1 6/29 Master TT,Cancelled,BRKD,,,3,6/29/2021,6/29/2021,,,,7/2/2021
385,54699030,Camera Blurry[GYR1 A03 3318],Cancelled,BRKD,,,5,4/28/2021,4/28/2021,,,,5/19/2021
386,49667627,[GYR1] RME- Decant line 2 box conveyor 3 sensors are down so boxes aren't moving,Cancelled,BRKD,,,5,12/29/2020,12/29/2020,,,,
387,57615090,[GYR1-paKivaA01]  - 104844541 - Pod issue > Dirty pod,Completed,CM,MOD LEVEL 1,KALEBRIA,4,6/29/2021,6/29/2021,,,,7/1/2021
388,57616439,[GYR1] AFE1 Induct Stations,Completed,BRKD,"Equipment, Base Building",MOAUST,3,6/29/2021,6/29/2021,,,,8/21/2021
389,57617489,[GYR1] - Flat Induct stations 14 & 21 are down,Completed,CM,RTE.CB.1; REINDUCT 00; SEMI AUTO INDUCT ; CBI014; GYR1-SemiAutoInduct-CBI014 CC5,HANJACO,4,6/29/2021,6/29/2021,,,,7/5/2021
390,57618340,[GYR1-paKivaA03]  - 105219576 - Pod issue > Dirty pod,Completed,BRKD,MOD LEVEL 3,SSILLIMA,4,6/30/2021,6/30/2021,,,,7/3/2021
391,54700068,"GYR1 Flat Sorter Induct Station 22,25 tearing belts and jamming up",Completed,BRKD,RTE.CB.1; REINDUCT 00; SEMI AUTO INDUCT ; CBI025; GYR1-SemiAutoInduct-CBI025 CC5,DUNHCHAS,4,4/28/2021,4/28/2021,,,,4/28/2021
392,54700143,"GYR1 Flat Sorter Induct Station 22,25 tearing belts and jamming up",Completed,BRKD,RTE.CB.1; REINDUCT 00; SEMI AUTO INDUCT ; CBI022; GYR1-SemiAutoInduct-CBI022 CC5,DUNHCHAS,4,4/28/2021,4/28/2021,,,,4/28/2021
393,57624662,SmartPack station 5_04 not ejecting labels properly,Completed,BRKD,SMARTPAC; 05-04; GYR1-MHE-4262040 CC652,VANBUC,4,6/30/2021,6/30/2021,,,,7/2/2021
394,57625760,AFE2 Merge Issue,Completed,BRKD,AFE.SHOE.2; LOOP SIR; MERGE CONV; 802300; GYR1-Belted Transport-802300 CC950,MBRNEY,3,6/30/2021,6/30/2021,,,,7/4/2021
395,57626126,[GYR1] Flat Sorter Chute #250 #276,Cancelled,BRKD,,,4,6/30/2021,6/30/2021,,,,7/22/2021
396,57626686,[CEL][23] - Missed Fiducial Check Engine Light - DU 528831 GYR1-paKivaA04,Completed,CBM,GYR1-paKivaA04 HDU 528831,ROMDESMO,3,6/30/2021,6/30/2021,,,,7/1/2021
397,57626700,[CEL][22] - Obstacle in Path Check Engine Light - DU 543290 GYR1-paKivaA03,Completed,CBM,GYR1-paKivaA03 HDU 543290,EDURGR,5,6/30/2021,6/30/2021,,,,6/30/2021
398,59384415,Reinspection of area to ensure proper tracking and complete removal of amnesty. ,Completed,SEV,RTE.SHOE.1; LOOP SIR; SLIDER BED CONV; 140140; GYR1-Belted Transport-140140 CC41,MAISONAL,5,8/11/2021,8/11/2021,,8/7/2021,,8/11/2021
399,57629266,Voltage check on power supply,Completed,BRKD,AFE.SHOE.2; REBIN 56; RAT; 806022; GYR1-Pneumatic Divert-806022 CC965,HUNTIDAN,3,6/30/2021,6/30/2021,,,,7/1/2021
400,57629843,light bars are unresponsive ,Completed,CM,AFE.SHOE.1; REBIN 10; MDR CONV; 511033; GYR1-Pneumatic Divert-511033 CC920,MAUREYE,5,6/30/2021,6/30/2021,,,,6/30/2021
401,57630975,loose bolt on guard rail,Completed,FPM,RTE.SHOE.1; LOOP SIR; BELT CONV; 140040; GYR1-Belted Transport-140040 CC410,RIRSSEL,5,8/3/2021,8/3/2021,,,,8/23/2021
402,53296547,Replace ECC,Completed,BRKD,AFE.SHOE.1; REBIN 16; O-RING CURVE CONV; 517007; GYR1-MDR-517007 CC920,DAMIKUHN,5,3/28/2021,3/28/2021,,,,4/3/2021
403,59390255,Tension Roller out of bracket,Completed,CM,RCV.1; LANE 02; MDR CONV; 202110; GYR1-MDR-202110 CC200,PEDEJOSE,3,8/2/2021,8/2/2021,,,,8/2/2021
404,59390495,[FID] Replace Fiducial PFEH44 GYR1-paKivaA01,Completed,PR,MOD LEVEL 1,PUENTEJA,3,8/2/2021,8/2/2021,,,,8/2/2021
405,57638400,[GYR1-paKivaA02]  - 104843495 - Pod issue > Bin barcode/label issues,Completed,BRKD,MOD LEVEL 2,ASHPFAF,4,6/30/2021,6/30/2021,,,,7/11/2021
406,59395593,[FID] Replace Fiducial PMWD56 GYR1-paKivaA02,Completed,CBM,GYR1-paKivaA02 Fiducials,ZBBUSHA,3,8/2/2021,8/2/2021,,,,8/2/2021
407,59395798,Jam latch 12 and 11 stuck,Completed,BRKD,ARSAW Station #418 - 4313 & 4314,ZDHARR,3,8/2/2021,8/2/2021,,,,8/30/2021
408,59397587,Induct 24 light  bar dirty,Completed,CM,RTE.CB.1; REINDUCT 00; SEMI AUTO INDUCT ; CBI024; GYR1-SemiAutoInduct-CBI024 CC5,AREAARON,4,8/2/2021,8/2/2021,,,,8/2/2021
409,59398090,GYR1 Flats 8/02/21 Induct 24/25,Cancelled,CM,RTE.CB.1; LOOP SIR; BELT TRANSPORT CONV; 180180; GYR1-Belted Transport-180180 CC,FCCERMAK,3,8/2/2021,8/2/2021,,,,8/2/2021
410,51376142,[GYR1] - AFE1 rebin 107 consistent jams,Cancelled,BRKD,,,4,2/9/2021,2/9/2021,,,,5/23/2021
411,51376262,[GYR1] - AFE1 rebin 103 consistent jams,Cancelled,BRKD,,,4,2/9/2021,2/9/2021,,,,5/23/2021
412,51377013,GYR1 Smartpack 06-07,Cancelled,BRKD,,,5,2/9/2021,2/9/2021,,,,
413,59401189,"AFE1, SLAM 111",Completed,BRKD,AFE.SHOE.1; SLAM 13-16; BELT CONV; 519750; GYR1-MDR-519750 CC945,JCSTROZ,3,8/2/2021,8/2/2021,,,,8/5/2021
414,59401485,Adjustment of Photoeye Induct 25,Completed,CM,RTE.CB.1; REINDUCT 00; SEMI AUTO INDUCT ; CBI025; GYR1-SemiAutoInduct-CBI025 CC5,AHALLSTE,4,8/2/2021,8/2/2021,,,,8/2/2021
415,59403248,[GYR1-paKivaA03]  - 103347694 - Pod issue > Dirty pod,Completed,BRKD,MOD LEVEL 3,ECCLJ,4,8/2/2021,8/2/2021,,,,8/3/2021
416,51380677,[GYR1] RME Ripped belt on slam 109,Cancelled,BRKD,,,3,2/9/2021,2/9/2021,,,,5/23/2021
417,51385449,Slam 02 Printer requires green strap,Cancelled,CM,SLAM 02,,3,2/9/2021,2/9/2021,,,,4/14/2021
418,53315319,[GYR1] - AFE1 wall 109 tray takeaway jams,Cancelled,BRKD,,,3,3/28/2021,3/28/2021,,,,4/10/2021
419,51388668,[GYR1] AFE1 wall 109 tray stoppage,Cancelled,BRKD,,,3,2/9/2021,2/9/2021,,,,5/23/2021
420,54292997,Camera Misalignment[GYR1 A02 2148],Completed,BRKD,ARSAW Station #226 - 2146 & 2148,WILARBE,5,4/20/2021,4/20/2021,,,,4/23/2021
421,54705441,[GYR1] Requesting Build of 4 5S Carts,Cancelled,BRKD,,,5,4/29/2021,4/29/2021,,,,4/30/2021
422,54295075,[GYR1] - AFE2 rebin 212 lights flickering on wall,Completed,CM,AUDIT EQUIPMENT,BRYANSTA,5,4/20/2021,4/20/2021,,,,4/20/2021
423,54705890,Bad MDR,Completed,BRKD,AFE.SHOE.1; RETOTE 08; MDR CONV; 508070; GYR1-MDR-508070 CC930,JCSTROZ,3,4/29/2021,4/29/2021,,,,4/29/2021
424,59410111,GYR1: OP 502 Red Tagged,Completed,BRKD,PIT EQUIPMENT,HANJACO,3,8/2/2021,8/2/2021,,,,8/16/2021
425,54706896,[FID] Replace Fiducial MPYD65 GYR1-paKivaA02,Completed,CBM,GYR1-paKivaA02 Fiducials,ZDHARR,3,4/29/2021,4/29/2021,,,,4/29/2021
426,54296246,[CEL][26] - Pod Barcode Failed Check Engine Light - DU 557053 GYR1-paKivaA02,Completed,CBM,GYR1-paKivaA02 HDU 557053,ASHPFAF,3,4/20/2021,4/20/2021,,,,4/21/2021
427,54296748,[GYR1] - Pod Spill on A01,Completed,BRKD,MOD LEVEL 1,ASHPFAF,5,4/20/2021,4/20/2021,,,,4/26/2021
428,54296896,Camera Misalignment[GYR1 A04 4325],Completed,BRKD,ARSAW Station #416  -4325 & 4326,WILARBE,5,4/20/2021,4/20/2021,,,,4/23/2021
429,51392696,"[GYR1] Flat sorter IS #25, #23, #13",Cancelled,BRKD,,,4,2/9/2021,2/9/2021,,,,5/23/2021
430,54298181,Camera Misalignment[GYR1 A02 2141],Completed,BRKD,ARSAW Station #225 - 2141 & 2142,WILARBE,5,4/21/2021,4/21/2021,,,,4/23/2021
431,54298963,Camera Misalignment [GYR1 A02 2354],Completed,BRKD,ARSAW Station #212 - 2353 & 2354,WILARBE,5,4/21/2021,4/21/2021,,,,4/23/2021
432,57667238,[GYR1] AFE1 Induct Stations,Completed,BRKD,AFE.SHOE.1; TAKEAWAY 09-10; V-BELT CONV; 510074; GYR1-VBELT-510074 CC935,HUNTIDAN,3,6/30/2021,6/30/2021,,,,7/9/2021
433,57668867,Turn table,Completed,BRKD,Tote Stacker,SAUVRGA,5,7/1/2021,7/1/2021,,,,7/1/2021
434,54302346,motor replacement shiop sorter,Completed,CM,SHP.SHOE.1; LOOP SIR; METERING CONV; 162190; GYR1-Belted Transport-162190 CC510,JEVLLAS,4,4/21/2021,4/21/2021,,,,4/21/2021
435,54303900,Replace UI Panel on DU 538868,Completed,CM,MOD LEVEL 3,EDURGR,5,4/21/2021,4/21/2021,,,,4/21/2021
436,57676556,[GYR1] RME- AFE 1 tray sorter,Completed,BRKD,SL2 High Rate Slat Sorter - AFE 1,DAMIKUHN,5,7/1/2021,7/1/2021,,,,7/2/2021
437,57676553,Nitta Belt Showing wear bed 162350 Ship sorter recirculation ,Completed,FPM,SHP.SHOE.1; LOOP SIR; RA CONV; 162350; GYR1-Accumulating Rollers-162350 CC510,ANTOPLAC,3,7/1/2021,7/1/2021,,,,7/6/2021
438,51396550,[GYR1] AFE1 wall 107 rebin tray take away,Cancelled,BRKD,,,3,2/9/2021,2/9/2021,,,,5/23/2021
439,54306508,[GYR1] - AFE2 Rebin 209 keeps jamming,Cancelled,BRKD,,,3,4/21/2021,4/21/2021,,,,5/19/2021
440,57680277,[GYR1-paKivaA03]  - 105112387 - Pod issue > Dirty pod,Completed,BRKD,MOD LEVEL 3,JEFLU,4,7/1/2021,7/1/2021,,,,7/2/2021
441,52634790,bad comm cable,Completed,CM,AFE.SHOE.1; REBIN 06; MDR CONV; 506013; GYR1-Pneumatic Divert-506013 CC915,THFROST,5,3/13/2021,3/13/2021,,,,3/13/2021
442,57681588,[GYR1-paKivaA04]  - 103607201 - Pod issue > Physical pod damage,Completed,BRKD,MOD LEVEL 4,SSILLIMA,4,7/1/2021,7/1/2021,,,,7/2/2021
443,57684465,"Waites Event Id: 63613, Sensor Id: 10820500",Cancelled,CBM,AFE.SHOE.2; LOOP SIR; SLIDER BED CONV; 802346; GYR1-Belted Transport-802346 CC95,,5,7/1/2021,7/1/2021,,,,7/2/2021
444,54309365,MDR Bed 202025 Non Responsive,Completed,FPM,GENERAL CONVEYANCE,ANTOPLAC,5,4/21/2021,4/21/2021,,,,4/25/2021
445,54309396,MDR bed 202370 chirping,Completed,FPM,GENERAL CONVEYANCE,JEVLLAS,5,4/21/2021,4/21/2021,,,,4/27/2021
446,57686747,[GYR1-paKivaA03]  - 105241844 - Pod issue > Dirty pod,Completed,BRKD,MOD LEVEL 3,SSILLIMA,4,7/1/2021,7/1/2021,,,,7/2/2021
447,54309493,Belt missing from mdr bed 201105,Completed,FPM,RCV.1; LANE 01; SEGMENT BELT CONV; 201105; GYR1-MDR-201105 CC200,VANBUC,5,5/8/2021,5/17/2021,,,,5/13/2021
448,54309570,MDR bed 201045 Non responsive,Completed,FPM,RCV.1; LANE 01; SEGMENT BELT CONV; 201045; GYR1-MDR-201045 CC200,HERTAJU,5,5/8/2021,5/8/2021,,,,5/13/2021
449,54309838,Flex Conveyor to line 203505 missing electrical covers,Completed,FPM,RCV.1; LANE 03; SEGMENT BELT CONV; 203505; GYR1-MDR-203505 CC200,MAUREYE,5,5/8/2021,5/8/2021,,,,5/8/2021
450,53342642,Weekly red tag,Completed,CM,GENERAL CONVEYANCE,RNMORGA,5,3/29/2021,3/29/2021,,,,5/4/2021
451,53345076,Belt routing & new belt or big boy dutchman,Completed,CM,AFE.SHOE.1; SLAM 05-8; SLIDER BED CONV; 519400; GYR1-Belted Transport-519400 CC9,EMMUHLY,5,3/29/2021,3/29/2021,,,,5/5/2021
452,53345153,Shipping sorter 1 Missing shoe 477,Completed,FPM,SL2 High Rate Slat Sorter - SHP,SMITHJYJ,5,3/31/2021,3/31/2021,,,,5/4/2021
453,59421855,GYR1: OP 501 Release Pedal not fully functional,Completed,BRKD,PIT EQUIPMENT,HANJACO,3,8/2/2021,8/2/2021,,,,8/16/2021
454,59424764,[CEL][23] - Missed Fiducial Check Engine Light - DU 532658 GYR1-paKivaA03,Completed,CBM,GYR1-paKivaA03 HDU 532658,ASHPFAF,3,8/2/2021,8/2/2021,,,,8/3/2021
455,57700122,Full tote out sensor needs adjusted.,Completed,CM,ARSAW Station #428 - 4159 & 4158,SSILLIMA,5,7/1/2021,7/1/2021,,,,7/1/2021
456,59433480,Packages not sealing right,Completed,CM,SMARTPAC; 06-10; GYR1-MHE-4242038 CC652,HANJACO,3,8/3/2021,8/3/2021,,,,8/17/2021
457,59433544,GYR1 MRS 8/03/21,Cancelled,BRKD,,,3,8/3/2021,8/3/2021,,,,8/3/2021
458,54316093,[gyr1] CAP Cabinets  [GYR1] Cabinets for cap needing to be built and installed,Cancelled,BRKD,,,5,4/21/2021,4/21/2021,,,,5/19/2021
459,59434603,OUTBOUND AFE1 consistent package takeaway jams,Completed,CBM,AFE.SHOE.1; SLAM 09-12; SEGMENT BELT CURVE CONV; 519655; GYR1-MDR-519655 CC945,HUNTIDAN,3,8/3/2021,8/3/2021,,,,8/21/2021
460,59435539,[CEL][23] - Missed Fiducial Check Engine Light - DU 557116 GYR1-paKivaA02,Completed,CBM,GYR1-paKivaA02 HDU 557116,STEIRILE,3,8/3/2021,8/3/2021,,,,8/3/2021
461,59435544,[CEL][23] - Missed Fiducial Check Engine Light - DU 558971 GYR1-paKivaA01,Completed,CBM,GYR1-paKivaA01 HDU 558971,ZBBUSHA,3,8/3/2021,8/3/2021,,,,8/3/2021
462,57707804,Stuck package,Completed,BRKD,AFE.SHOE.2; SLAM 06; MDR CONV; 819255; GYR1-MDR-819255 CC990,DAMIKUHN,3,7/1/2021,7/1/2021,,,,7/1/2021
463,59437572,Bad MDR,Completed,CM,AFE.SHOE.1; REBIN 12; SEGMENT BELT CONV; 513036; GYR1-MDR-513036 CC920,JCSTROZ,4,8/3/2021,8/3/2021,,,,8/3/2021
464,57708940,[FID] Replace Fiducial PFML75 GYR1-paKivaA01,Completed,PR,MOD LEVEL 1,KALEBRIA,3,7/1/2021,7/1/2021,,,,7/1/2021
465,57712839,Belt needs tracked,Completed,CM,AFE.SHOE.1; TAKEAWAY 07-08; RA CONV; 507096; GYR1-Accumulating Rollers-507096 CC,HERTAJU,3,7/2/2021,7/2/2021,,,,7/2/2021
466,57713697,Not cutting,Completed,CM,SMARTPAC; 06-09; GYR1-MHE-4212038 CC652,PEDEJOSE,3,7/2/2021,7/2/2021,,,,7/2/2021
467,57717684,"Waites Event Id: 63675, Sensor Id: 10789941",Completed,CBM,AFE.SHOE.2; LOOP SIR; BELT CURVE CONV; 802350; GYR1-Transnorm-802350 CC950,JOSEMUEL,1,7/2/2021,7/2/2021,,,,7/5/2021
468,59441742,Remove packages from North side offload detect,Completed,CM,SHP.3; CB (##); CONTROL CABINET; CC0530; CONTROL CABINET; CC0530; GYR1-CC-CC0530,MOAUST,5,8/3/2021,8/3/2021,,,,8/3/2021
469,55958845,Roller spinning backwards,Completed,CM,AFE.SHOE.2; SLAM 08; O-RING CONV; 819460; GYR1-MDR-819460 CC990,PEDEJOSE,2,5/27/2021,5/27/2021,,,,5/27/2021
470,57720744,GYR1 AFE1 Tray Sorter,Completed,BRKD,SL2 High Rate Slat Sorter - AFE 1,MBRNEY,3,7/2/2021,7/2/2021,,,,7/2/2021
471,57725276,[GYR1-paKivaA02]  - 104772270 - Pod issue > Dirty pod,Completed,BRKD,MOD LEVEL 2,STEIRILE,4,7/2/2021,7/2/2021,,,,7/3/2021
472,54712421,Drain hose starting to colapse at holding tank curve,Completed,FPM,AIR COMPRESSOR; 1; AIR COMPRESSOR; 1,PEDEJOSE,5,6/18/2021,6/18/2021,,,,6/18/2021
473,54326901,GYR1 AFE Wall 110 station 03,Cancelled,BRKD,,,5,4/21/2021,4/21/2021,,,,4/22/2021
474,51417253,[GYR1] - AFE1 Rebin 111,Cancelled,BRKD,,,3,2/10/2021,2/10/2021,,,,5/23/2021
475,54716976,[GYR1] AFE1 Slam Line 109 & 101,Cancelled,BRKD,,,4,4/29/2021,4/29/2021,,,,4/30/2021
476,54717290,[GYR1] RME- Dead rollers rebin 112,Completed,BRKD,AFE.SHOE.1; REBIN 05; RA CONV; 505004; GYR1-Accumulating Rollers-505004 CC915,PEDEJOSE,5,4/29/2021,4/29/2021,,,,4/29/2021
477,57749822,[CEL][26] - Pod Barcode Failed Check Engine Light - DU 541490 GYR1-paKivaA03,Completed,CBM,GYR1-paKivaA03 HDU 541490,JSONHU,3,7/2/2021,7/2/2021,,,,7/3/2021
478,57750029,Operation calls,Completed,CM,GENERAL CONVEYANCE,ROBLFABI,5,7/2/2021,7/2/2021,,,,8/5/2021
479,53378292,oil leak,Completed,FPM,RTE.CB.1; SIR; ACTIVE ROLLER BELT SORTER; 180130; GYR1-Intralox-S4500-18130 CC52,ANTOPLAC,4,4/11/2021,4/11/2021,,,,4/10/2021
480,53379131,Air Leak,Completed,FPM,AFE.SHOE.1; REBIN 01; RA CONV; 501004; GYR1-Accumulating Rollers-501004 CC915,JCSTROZ,4,4/12/2021,5/19/2021,,,,5/5/2021
481,53379139,nitta belt not centered,Completed,FPM,AFE.SHOE.1; RETOTE 03; RA CONV; 503065; GYR1-Accumulating Rollers-503065 CC915,JCSTROZ,4,4/14/2021,5/12/2021,,,,5/6/2021
482,53383816,Air Leak at RAT,Completed,FPM,AFE.SHOE.1; REBIN 07; RAT; 507032; GYR1-Pneumatic Divert-507032 CC915,SALASJUD,5,4/21/2021,4/21/2021,,,,4/21/2021
483,53383808,Air Leak at RAT,Completed,FPM,AFE.SHOE.1; REBIN 07; RAT; 507042; GYR1-Pneumatic Divert-507042 CC915,SALASJUD,5,4/21/2021,4/21/2021,,,,4/21/2021
484,53383812,Air Leak at RAT,Completed,FPM,AFE.SHOE.1; REBIN 07; MDR CONV; 507049; GYR1-Pneumatic Divert-507049 CC915,SALASJUD,5,4/21/2021,4/21/2021,,,,4/21/2021
485,53384231,Worn roller (marked in red)423140 near station 3349,Completed,FPM,MOD.2; LANE 01; TRANSPORT CONV; 423140; GYR1-Accumulating Rollers-423140 CC213,BELLMG,5,4/10/2021,4/10/2021,,,,4/10/2021
486,53385766,SLAM 304 failing MDR ,Completed,CM,PCK.1; LANE 02; SEGMENT BELT CONV; 850195; GYR1-MDR-850195 CC651,OSBJAVON,4,3/30/2021,3/30/2021,,,,3/30/2021
487,53388073,"Tote stacker 1, bad MDR in turntable",Completed,CM,Tote Stacker,MATHEINS,3,3/30/2021,3/30/2021,,,,3/30/2021
488,53388255,Replace Faceplates and Cable on 214-02 & 214-03,Completed,BRKD,AFE.SHOE.2; REBIN 53; MDR CONV; 803033; GYR1-Pneumatic Divert-803033 CC965,MOAUST,4,3/30/2021,3/30/2021,,,,3/30/2021
489,54719093,[GYR1] RME - AFE1 Induct 114 Repeat Faults,Completed,BRKD,AFE.SHOE.1; REBIN 03; SEGMENT BELT CONV; 503016; GYR1-MDR-503016 CC915,DUNHCHAS,3,4/29/2021,4/29/2021,,,,5/4/2021
490,54719321,[CEL][23] - Missed Fiducial Check Engine Light - DU 530507 GYR1-paKivaA04,Completed,CBM,GYR1-paKivaA04 HDU 530507,JGONZA,3,4/29/2021,4/29/2021,,,,4/29/2021
491,57762697,Belt has hole that is getting caught- Cutting out.,Completed,CM,AFE.SHOE.2; SLAM 06; SEGMENT BELT CURVE CONV; 819210; GYR1-MDR-819210 CC990,PEDEJOSE,3,7/3/2021,7/3/2021,,,,7/3/2021
492,57763929,[GYR1-paKivaA04]  - 104803149 - Pod issue > Dirty pod,Completed,BRKD,MOD LEVEL 4,SSILLIMA,4,7/3/2021,7/3/2021,,,,7/3/2021
493,53392363,"Decant 1, flex conveyor control box, fix loose interlock wire on yellow cable..",Completed,BRKD,RCV.1; LANE 01; SEGMENT BELT CONV; 201440; GYR1-MDR-201440 CC200,EMMUHLY,4,3/30/2021,3/30/2021,,,,4/21/2021
494,57766181,torn belt lacing,Completed,BRKD,PCK.1; LANE 00; SEGMENT BELT CONV; 300546; GYR1-MDR-300546 CC230,VANBUC,3,7/3/2021,7/3/2021,,,,7/3/2021
495,57767209,GYR1 - I need help with Screen or Monitor Issue,Completed,BRKD,GYR1-KIVA Station AR.FLOR.A02.STN.2228,SSILLIMA,4,7/3/2021,7/3/2021,,,,7/3/2021
496,57768811,[FID] Replace Fiducial PFCE70 GYR1-paKivaA02,Completed,CBM,GYR1-paKivaA02 Fiducials,ROMDESMO,3,7/3/2021,7/3/2021,,,,7/3/2021
497,54720758,Cable bad at rebin station,Completed,CM,AFE.SHOE.1; REBIN 06; MDR CONV; 506023; GYR1-Pneumatic Divert-506023 CC915,PEDEJOSE,4,4/29/2021,4/29/2021,,,,4/29/2021
498,53393366,[GYR1] - AFE1 incline leading to slam 103,Completed,BRKD,AFE.SHOE.1; SLAM 09-12; SEGMENT BELT CURVE CONV; 519615; GYR1-MDR-519615 CC945,AMASTOV,3,3/30/2021,3/30/2021,,,,3/30/2021
499,54351342,[GYR1] - ARSAW 4111/4113,Completed,BRKD,ARSAW Station #421 - 4113 & 4111,ROMDESMO,5,4/21/2021,4/21/2021,,,,4/22/2021
500,52585288,mdr replacement,Completed,CM,RCV.1; LANE 02; SEGMENT BELT CURVE CONV; 202340; GYR1-MDR-202340 CC200,AJVILA,4,3/11/2021,3/11/2021,,,,3/12/2021
